image,belly_file,confidence,status
A01_03_07_W_roh.jpeg,A01_03_07_W_roh_BELLY.jpg,0.7275354862213135,SUCCESS
A01_05_03_W_roh.jpg,A01_05_03_W_roh_BELLY.jpg,0.824708878993988,SUCCESS
A01_06_01_SA_roh.jpeg,A01_06_01_SA_roh_BELLY.jpg,0.4530102014541626,SUCCESS
A01_08_01_W_roh.jpg,A01_08_01_W_roh_BELLY.jpg,0.8258777260780334,SUCCESS
A01_09_21_W_roh.jpg,A01_09_21_W_roh_BELLY.jpg,0.44585373997688293,SUCCESS
A01_12_01_M_roh.jpeg,A01_12_01_M_roh_BELLY.jpg,0.7916053533554077,SUCCESS
A01_15_01_W_roh.jpeg,A01_15_01_W_roh_BELLY.jpg,0.8514036536216736,SUCCESS
A01_15_03_W_roh.jpeg,A01_15_03_W_roh_BELLY.jpg,0.9299579858779907,SUCCESS
A01_15_06_W_roh.jpeg,A01_15_06_W_roh_BELLY.jpg,0.9150565266609192,SUCCESS
A01_15_07_W_roh.jpeg,A01_15_07_W_roh_BELLY.jpg,0.9219852089881897,SUCCESS
A01_17_01_W_roh.jpg,A01_17_01_W_roh_BELLY.jpg,0.8390929698944092,SUCCESS
A01_18_01_W_roh.jpeg,A01_18_01_W_roh_BELLY.jpg,0.6299790143966675,SUCCESS
A01_18_02_M_roh.jpeg,A01_18_02_M_roh_BELLY.jpg,0.40687450766563416,SUCCESS
A01_18_03_W_roh.jpeg,A01_18_03_W_roh_BELLY.jpg,0.9479495882987976,SUCCESS
A01_18_04_M_roh.jpeg,A01_18_04_M_roh_BELLY.jpg,0.7602350115776062,SUCCESS
A01_18_05_W_roh.jpeg,A01_18_05_W_roh_BELLY.jpg,0.5080888271331787,SUCCESS
A01_18_07_W_roh.jpeg,A01_18_07_W_roh_BELLY.jpg,0.7040072083473206,SUCCESS
A01_18_12_M_roh.jpeg,A01_18_12_M_roh_BELLY.jpg,0.7247323393821716,SUCCESS
A01_18_14_W_roh.jpeg,A01_18_14_W_roh_BELLY.jpg,0.9177715182304382,SUCCESS
A02_03_01_W_roh.jpeg,A02_03_01_W_roh_BELLY.jpg,0.9313431978225708,SUCCESS
A02_03_02_M_roh.jpeg,A02_03_02_M_roh_BELLY.jpg,0.4544910788536072,SUCCESS
A02_06_03_M_roh.jpeg,A02_06_03_M_roh_BELLY.jpg,0.8842336535453796,SUCCESS
A02_06_04_M_roh.jpeg,A02_06_04_M_roh_BELLY.jpg,0.5648424029350281,SUCCESS
A02_06_06_M_roh.jpeg,A02_06_06_M_roh_BELLY.jpg,0.9032518267631531,SUCCESS
A02_06_07_M_roh.jpeg,A02_06_07_M_roh_BELLY.jpg,0.892873227596283,SUCCESS
A02_08_05_M_roh.jpg,A02_08_05_M_roh_BELLY.jpg,0.9331820607185364,SUCCESS
A03_12_01_M_roh.jpeg,A03_12_01_M_roh_BELLY.jpg,0.8971894979476929,SUCCESS
A03_12_02_W_roh.jpeg,A03_12_02_W_roh_BELLY.jpg,0.8190972805023193,SUCCESS
A03_12_03_M_roh.jpeg,A03_12_03_M_roh_BELLY.jpg,0.7433481216430664,SUCCESS
A03_15_04_W_roh.jpeg,A03_15_04_W_roh_BELLY.jpg,0.8712708353996277,SUCCESS
A03_15_06_W_roh.jpeg,A03_15_06_W_roh_BELLY.jpg,0.40345022082328796,SUCCESS
A03_18_06_W_roh.jpeg,A03_18_06_W_roh_BELLY.jpg,0.7611063122749329,SUCCESS
A03_18_07_M_roh.jpeg,A03_18_07_M_roh_BELLY.jpg,0.902514636516571,SUCCESS
A04_03_01_W_roh.jpeg,A04_03_01_W_roh_BELLY.jpg,0.9383118152618408,SUCCESS
A04_06_01_M_roh.jpeg,A04_06_01_M_roh_BELLY.jpg,0.5809998512268066,SUCCESS
A04_06_02_M_roh.jpeg,A04_06_02_M_roh_BELLY.jpg,0.45261886715888977,SUCCESS
A04_12_02_M_roh.jpeg,A04_12_02_M_roh_BELLY.jpg,0.7612179517745972,SUCCESS
A04_12_04_W_roh.jpeg,A04_12_04_W_roh_BELLY.jpg,0.566555380821228,SUCCESS
A04_15_03_M_roh.jpeg,A04_15_03_M_roh_BELLY.jpg,0.7884030938148499,SUCCESS
A04_15_04_M_roh.jpeg,A04_15_04_M_roh_BELLY.jpg,0.8919818997383118,SUCCESS
A04_15_05_W_roh.jpeg,A04_15_05_W_roh_BELLY.jpg,0.7124490737915039,SUCCESS
A04_15_06_M_roh.jpeg,A04_15_06_M_roh_BELLY.jpg,0.45806628465652466,SUCCESS
A04_17_01_W_roh.jpg,A04_17_01_W_roh_BELLY.jpg,0.913624107837677,SUCCESS
A04_17_02_W_roh.jpg,A04_17_02_W_roh_BELLY.jpg,0.891878068447113,SUCCESS
A05_12_03_W_roh.jpeg,A05_12_03_W_roh_BELLY.jpg,0.8420721888542175,SUCCESS
A05_15_03_W_roh.jpeg,A05_15_03_W_roh_BELLY.jpg,0.9296804666519165,SUCCESS
A05_18_04_W_roh.jpeg,A05_18_04_W_roh_BELLY.jpg,0.639831006526947,SUCCESS
A05_18_05_W_roh.jpeg,A05_18_05_W_roh_BELLY.jpg,0.8690219521522522,SUCCESS
A05_18_06_W_roh.jpeg,A05_18_06_W_roh_BELLY.jpg,0.7620019316673279,SUCCESS
A05_18_07_W_roh.jpeg,A05_18_07_W_roh_BELLY.jpg,0.4345250129699707,SUCCESS
A05_18_08_W_roh.jpeg,A05_18_08_W_roh_BELLY.jpg,0.7245166301727295,SUCCESS
A05_21_01_W_roh.jpeg,A05_21_01_W_roh_BELLY.jpg,0.9001113772392273,SUCCESS
A06_03_01_M_roh.jpeg,A06_03_01_M_roh_BELLY.jpg,0.9590924382209778,SUCCESS
A06_03_02_W_roh.jpeg,A06_03_02_W_roh_BELLY.jpg,0.5135281085968018,SUCCESS
A06_08_04_W_roh.jpg,A06_08_04_W_roh_BELLY.jpg,0.7838191390037537,SUCCESS
A06_12_01_W_roh.jpeg,A06_12_01_W_roh_BELLY.jpg,0.8161303997039795,SUCCESS
A06_12_04_W_roh.jpeg,A06_12_04_W_roh_BELLY.jpg,0.677489697933197,SUCCESS
A06_14_02_W_roh.jpg,A06_14_02_W_roh_BELLY.jpg,0.92832350730896,SUCCESS
A06_15_02_W_roh.jpeg,A06_15_02_W_roh_BELLY.jpg,0.8910555243492126,SUCCESS
A06_15_03_W_roh.jpeg,A06_15_03_W_roh_BELLY.jpg,0.6209455728530884,SUCCESS
A06_17_01_M_roh_-_Kopie.jpg,A06_17_01_M_roh_-_Kopie_BELLY.jpg,0.9483614563941956,SUCCESS
A06_17_02_W__roh.jpg,A06_17_02_W__roh_BELLY.jpg,0.6896688938140869,SUCCESS
A06_17_04_W_roh.jpg,A06_17_04_W_roh_BELLY.jpg,0.5852022767066956,SUCCESS
A06_18_04_W_roh.jpeg,A06_18_04_W_roh_BELLY.jpg,0.8149410486221313,SUCCESS
A07_08_03_W_roh.jpg,A07_08_03_W_roh_BELLY.jpg,0.7366382479667664,SUCCESS
A07_08_04_M_roh.jpg,A07_08_04_M_roh_BELLY.jpg,0.6473812460899353,SUCCESS
A07_09_02_W_roh.jpg,A07_09_02_W_roh_BELLY.jpg,0.6163957118988037,SUCCESS
A07_09_03_W_roh.jpg,A07_09_03_W_roh_BELLY.jpg,0.4018998444080353,SUCCESS
A07_15_01_W_roh.jpeg,,0.0,NO_DETECTION
A07_17_03_W_roh.jpg,A07_17_03_W_roh_BELLY.jpg,0.836398720741272,SUCCESS
A07_17_06_W_roh.jpg,A07_17_06_W_roh_BELLY.jpg,0.546258807182312,SUCCESS
A07_18_01_W_roh.jpeg,A07_18_01_W_roh_BELLY.jpg,0.8104058504104614,SUCCESS
A07_18_03_W_roh.jpeg,A07_18_03_W_roh_BELLY.jpg,0.5985658764839172,SUCCESS
A08_06_02_SA_roh.jpeg,A08_06_02_SA_roh_BELLY.jpg,0.8616446852684021,SUCCESS
A08_06_05_SA_roh.jpeg,A08_06_05_SA_roh_BELLY.jpg,0.4370863139629364,SUCCESS
A08_06_08_W_roh.jpeg,A08_06_08_W_roh_BELLY.jpg,0.9061493873596191,SUCCESS
A08_06_10_M_roh.jpeg,A08_06_10_M_roh_BELLY.jpg,0.8819306492805481,SUCCESS
A08_09_35_W_roh.jpg,A08_09_35_W_roh_BELLY.jpg,0.9192929863929749,SUCCESS
A08_09_39_W_roh.jpg,A08_09_39_W_roh_BELLY.jpg,0.8007607460021973,SUCCESS
A08_12_05_W_roh.jpeg,A08_12_05_W_roh_BELLY.jpg,0.6635335683822632,SUCCESS
A08_12_13_W_roh.jpeg,A08_12_13_W_roh_BELLY.jpg,0.8875404596328735,SUCCESS
A08_12_15_W_roh.jpeg,A08_12_15_W_roh_BELLY.jpg,0.9166677594184875,SUCCESS
A08_15_03_W_roh.jpeg,A08_15_03_W_roh_BELLY.jpg,0.5037621855735779,SUCCESS
A08_15_04_M_roh.jpeg,A08_15_04_M_roh_BELLY.jpg,0.6457648277282715,SUCCESS
A08_15_05_M_roh.jpeg,A08_15_05_M_roh_BELLY.jpg,0.8385500311851501,SUCCESS
A08_15_06_W_roh.jpeg,A08_15_06_W_roh_BELLY.jpg,0.6649439334869385,SUCCESS
A08_15_07_W_roh.jpeg,A08_15_07_W_roh_BELLY.jpg,0.3972739577293396,SUCCESS
A08_15_14_W_roh.jpeg,A08_15_14_W_roh_BELLY.jpg,0.4655958116054535,SUCCESS
A08_15_17_M_roh.jpeg,A08_15_17_M_roh_BELLY.jpg,0.7122305035591125,SUCCESS
A08_15_19_M_roh.jpeg,A08_15_19_M_roh_BELLY.jpg,0.7717289328575134,SUCCESS
A08_15_21_M_roh.jpeg,A08_15_21_M_roh_BELLY.jpg,0.8269691467285156,SUCCESS
A08_17_17_W_roh.jpg,A08_17_17_W_roh_BELLY.jpg,0.4966171085834503,SUCCESS
A08_18_01_M_roh.jpeg,A08_18_01_M_roh_BELLY.jpg,0.8002886772155762,SUCCESS
A08_18_02_W_roh.jpeg,A08_18_02_W_roh_BELLY.jpg,0.2418898344039917,SUCCESS
A08_18_03_W_roh.jpeg,A08_18_03_W_roh_BELLY.jpg,0.9330143332481384,SUCCESS
A08_18_04_W_roh.jpeg,A08_18_04_W_roh_BELLY.jpg,0.7659914493560791,SUCCESS
A08_18_05_W_roh.jpeg,A08_18_05_W_roh_BELLY.jpg,0.696420431137085,SUCCESS
A08_18_06_W_roh.jpeg,A08_18_06_W_roh_BELLY.jpg,0.8300724625587463,SUCCESS
A08_18_08_M_roh.jpeg,A08_18_08_M_roh_BELLY.jpg,0.677361249923706,SUCCESS
A08_18_09_M_roh.jpeg,A08_18_09_M_roh_BELLY.jpg,0.7194116711616516,SUCCESS
A08_18_10_W_roh.jpeg,A08_18_10_W_roh_BELLY.jpg,0.28457385301589966,SUCCESS
A08_18_12_W_roh.jpeg,A08_18_12_W_roh_BELLY.jpg,0.8442113995552063,SUCCESS
A08_18_13_W_roh.jpeg,A08_18_13_W_roh_BELLY.jpg,0.8646796941757202,SUCCESS
A08_18_14_M_roh.jpeg,A08_18_14_M_roh_BELLY.jpg,0.5663697719573975,SUCCESS
A08_18_17_W_roh.jpeg,A08_18_17_W_roh_BELLY.jpg,0.8569962382316589,SUCCESS
A08_18_18_W_roh.jpeg,A08_18_18_W_roh_BELLY.jpg,0.8287243247032166,SUCCESS
A08_18_19_W_roh.jpeg,A08_18_19_W_roh_BELLY.jpg,0.7465844750404358,SUCCESS
A08_18_20_W_roh.jpeg,A08_18_20_W_roh_BELLY.jpg,0.8777425289154053,SUCCESS
A08_18_21_M_roh.jpeg,A08_18_21_M_roh_BELLY.jpg,0.8709599375724792,SUCCESS
A08_18_22_W_roh.jpeg,A08_18_22_W_roh_BELLY.jpg,0.7615577578544617,SUCCESS
A08_18_23_W_roh.jpeg,A08_18_23_W_roh_BELLY.jpg,0.8601641654968262,SUCCESS
AT01_03_01_W_roh.jpeg,AT01_03_01_W_roh_BELLY.jpg,0.8376425504684448,SUCCESS
AT01_03_02_W_roh.jpeg,AT01_03_02_W_roh_BELLY.jpg,0.7242067456245422,SUCCESS
AT01_03_04_M_roh.jpeg,,0.0,NO_DETECTION
AT01_06_03_W_roh.jpeg,AT01_06_03_W_roh_BELLY.jpg,0.8556579351425171,SUCCESS
IMG-20250607-WA0003.jpg,IMG-20250607-WA0003_BELLY.jpg,0.706226646900177,SUCCESS
IMG-20250607-WA0006.jpg,IMG-20250607-WA0006_BELLY.jpg,0.9428477883338928,SUCCESS
IMG-20250607-WA0007.jpg,IMG-20250607-WA0007_BELLY.jpg,0.6218172311782837,SUCCESS
IMG-20250626-WA0002.jpg,IMG-20250626-WA0002_BELLY.jpg,0.864888072013855,SUCCESS
IMG-20250626-WA0003.jpg,IMG-20250626-WA0003_BELLY.jpg,0.3451341688632965,SUCCESS
IMG-20250626-WA0004.jpg,IMG-20250626-WA0004_BELLY.jpg,0.9128810167312622,SUCCESS
IMG-20250626-WA0006.jpg,IMG-20250626-WA0006_BELLY.jpg,0.4774848222732544,SUCCESS
IMG-20250626-WA0007.jpg,IMG-20250626-WA0007_BELLY.jpg,0.9232731461524963,SUCCESS
IMG-20250626-WA0009.jpg,IMG-20250626-WA0009_BELLY.jpg,0.5622597932815552,SUCCESS
IMG-20250626-WA0011.jpg,IMG-20250626-WA0011_BELLY.jpg,0.7203899025917053,SUCCESS
IMG-20250626-WA0013.jpg,IMG-20250626-WA0013_BELLY.jpg,0.8620548248291016,SUCCESS
IMG-20250626-WA0014.jpg,IMG-20250626-WA0014_BELLY.jpg,0.516910195350647,SUCCESS
IMG-20250626-WA0015.jpg,IMG-20250626-WA0015_BELLY.jpg,0.42827755212783813,SUCCESS
IMG-20250626-WA0016.jpg,IMG-20250626-WA0016_BELLY.jpg,0.9009695053100586,SUCCESS
IMG-20250626-WA0020.jpg,IMG-20250626-WA0020_BELLY.jpg,0.6587418913841248,SUCCESS
IMG-20250626-WA0021.jpg,IMG-20250626-WA0021_BELLY.jpg,0.38161489367485046,SUCCESS
IMG-20250626-WA0022.jpg,IMG-20250626-WA0022_BELLY.jpg,0.8541194796562195,SUCCESS
IMG-20250626-WA0024.jpg,IMG-20250626-WA0024_BELLY.jpg,0.6237661242485046,SUCCESS
IMG-20250626-WA0025.jpg,IMG-20250626-WA0025_BELLY.jpg,0.8981667757034302,SUCCESS
IMG-20250717-WA0009.jpg,IMG-20250717-WA0009_BELLY.jpg,0.8706507086753845,SUCCESS
IMG-20250717-WA0011.jpg,IMG-20250717-WA0011_BELLY.jpg,0.8743144273757935,SUCCESS
IMG-20250717-WA0012.jpg,IMG-20250717-WA0012_BELLY.jpg,0.7431887984275818,SUCCESS
IMG-20250717-WA0013.jpg,IMG-20250717-WA0013_BELLY.jpg,0.8055144548416138,SUCCESS
IMG-20250717-WA0017.jpg,IMG-20250717-WA0017_BELLY.jpg,0.9386544227600098,SUCCESS
IMG-20250829-WA0013.jpg,IMG-20250829-WA0013_BELLY.jpg,0.8850414752960205,SUCCESS
IMG-20250829-WA0015.jpg,IMG-20250829-WA0015_BELLY.jpg,0.3397732675075531,SUCCESS
IMG-20250829-WA0017.jpg,,0.0,NO_DETECTION
IMG-20250829-WA0018.jpg,IMG-20250829-WA0018_BELLY.jpg,0.7586449980735779,SUCCESS
IMG-20250829-WA0019.jpg,,0.0,NO_DETECTION
IMG-20250829-WA0020.jpg,IMG-20250829-WA0020_BELLY.jpg,0.42198824882507324,SUCCESS
IMG-20250829-WA0022.jpg,IMG-20250829-WA0022_BELLY.jpg,0.8453335762023926,SUCCESS
IMG-20250829-WA0024.jpg,IMG-20250829-WA0024_BELLY.jpg,0.7914730310440063,SUCCESS
IMG-20250910-WA0014.jpg,IMG-20250910-WA0014_BELLY.jpg,0.8350307941436768,SUCCESS
IMG-20250910-WA0015.jpg,IMG-20250910-WA0015_BELLY.jpg,0.8446727991104126,SUCCESS
IMG-20250910-WA0016.jpg,IMG-20250910-WA0016_BELLY.jpg,0.5860650539398193,SUCCESS
IMG-20250910-WA0017.jpg,IMG-20250910-WA0017_BELLY.jpg,0.7681170105934143,SUCCESS
IMG-20250910-WA0018.jpg,IMG-20250910-WA0018_BELLY.jpg,0.754607081413269,SUCCESS
IMG-20250910-WA0022.jpg,IMG-20250910-WA0022_BELLY.jpg,0.9315736293792725,SUCCESS
IMG-20250910-WA0023.jpg,IMG-20250910-WA0023_BELLY.jpg,0.8851906061172485,SUCCESS
IMG-20250910-WA0025.jpg,IMG-20250910-WA0025_BELLY.jpg,0.8789216876029968,SUCCESS
IMG-20250910-WA0027.jpg,IMG-20250910-WA0027_BELLY.jpg,0.9385794401168823,SUCCESS
IMG-20250910-WA0029.jpg,IMG-20250910-WA0029_BELLY.jpg,0.8035322427749634,SUCCESS
IMG-20250910-WA0030.jpg,IMG-20250910-WA0030_BELLY.jpg,0.6982842683792114,SUCCESS
IMG-20250910-WA0061.jpg,IMG-20250910-WA0061_BELLY.jpg,0.8143279552459717,SUCCESS
IMG-20250910-WA0062.jpg,IMG-20250910-WA0062_BELLY.jpg,0.8038491010665894,SUCCESS
IMG-20250910-WA0063.jpg,IMG-20250910-WA0063_BELLY.jpg,0.9218770265579224,SUCCESS
IMG-20250910-WA0064.jpg,IMG-20250910-WA0064_BELLY.jpg,0.6810785531997681,SUCCESS
IMG-20250919-WA0008.jpg,,0.0,NO_DETECTION
IMG-20250919-WA0009.jpg,IMG-20250919-WA0009_BELLY.jpg,0.7866388559341431,SUCCESS
IMG-20250919-WA0011.jpg,IMG-20250919-WA0011_BELLY.jpg,0.9665207862854004,SUCCESS
IMG-20250919-WA0012.jpg,IMG-20250919-WA0012_BELLY.jpg,0.3368529975414276,SUCCESS
IMG-20250919-WA0014.jpg,IMG-20250919-WA0014_BELLY.jpg,0.9653826951980591,SUCCESS
IMG-20250919-WA0015.jpg,,0.0,NO_DETECTION
IMG-20250919-WA0016.jpg,IMG-20250919-WA0016_BELLY.jpg,0.5151106715202332,SUCCESS
IMG-20250919-WA0019.jpg,IMG-20250919-WA0019_BELLY.jpg,0.7691481113433838,SUCCESS
IMG-20250919-WA0020.jpg,IMG-20250919-WA0020_BELLY.jpg,0.8620350360870361,SUCCESS
IMG-20250919-WA0021.jpg,IMG-20250919-WA0021_BELLY.jpg,0.8527036905288696,SUCCESS
IMG_20250501_132115.jpg,IMG_20250501_132115_BELLY.jpg,0.304680734872818,SUCCESS
IMG_20250501_132350.jpg,IMG_20250501_132350_BELLY.jpg,0.7530390620231628,SUCCESS
IMG_20250501_133055.jpg,IMG_20250501_133055_BELLY.jpg,0.45023542642593384,SUCCESS
IMG_20250515_113414.jpg,IMG_20250515_113414_BELLY.jpg,0.8884448409080505,SUCCESS
IMG_20250515_114220.jpg,IMG_20250515_114220_BELLY.jpg,0.7955372929573059,SUCCESS
IMG_20250515_121011.jpg,IMG_20250515_121011_BELLY.jpg,0.8002977967262268,SUCCESS
IMG_20250717_104317.jpg,IMG_20250717_104317_BELLY.jpg,0.9284282326698303,SUCCESS
IMG_20250717_104525.jpg,IMG_20250717_104525_BELLY.jpg,0.8401575684547424,SUCCESS
IMG_20250717_104652.jpg,IMG_20250717_104652_BELLY.jpg,0.8198922872543335,SUCCESS
IMG_20250717_105046.jpg,IMG_20250717_105046_BELLY.jpg,0.8035650849342346,SUCCESS
IMG_20250717_110833.jpg,IMG_20250717_110833_BELLY.jpg,0.6271212100982666,SUCCESS
IMG_20250717_111215.jpg,IMG_20250717_111215_BELLY.jpg,0.5265077352523804,SUCCESS
IMG_20250717_111516.jpg,IMG_20250717_111516_BELLY.jpg,0.7497671246528625,SUCCESS
IMG_20250717_111635.jpg,IMG_20250717_111635_BELLY.jpg,0.5331824421882629,SUCCESS
IMG_20250717_112327.jpg,IMG_20250717_112327_BELLY.jpg,0.4296657145023346,SUCCESS
IMG_20250717_113156.jpg,IMG_20250717_113156_BELLY.jpg,0.9009299278259277,SUCCESS
IMG_20250717_113633.jpg,IMG_20250717_113633_BELLY.jpg,0.7323455214500427,SUCCESS
IMG_20250717_113844.jpg,IMG_20250717_113844_BELLY.jpg,0.9084439873695374,SUCCESS
IMG_20250717_123430.jpg,IMG_20250717_123430_BELLY.jpg,0.9076020121574402,SUCCESS
IMG_20250717_123656.jpg,IMG_20250717_123656_BELLY.jpg,0.922089695930481,SUCCESS
IMG_20250807_103916.jpg,IMG_20250807_103916_BELLY.jpg,0.47040900588035583,SUCCESS
IMG_20250807_104159.jpg,IMG_20250807_104159_BELLY.jpg,0.41145622730255127,SUCCESS
IMG_20250807_104343.jpg,IMG_20250807_104343_BELLY.jpg,0.9131855964660645,SUCCESS
IMG_20250807_104825.jpg,,0.0,NO_DETECTION
IMG_20250807_105223.jpg,IMG_20250807_105223_BELLY.jpg,0.36422839760780334,SUCCESS
IMG_20250807_105820.jpg,IMG_20250807_105820_BELLY.jpg,0.7060964703559875,SUCCESS
IMG_20250807_110659.jpg,IMG_20250807_110659_BELLY.jpg,0.9343913793563843,SUCCESS
