query_image,rank,candidate_image,num_matches,average_confidence,verification,notes
A02_03_02_M_roh.jpeg,1,IMG-20250607-WA0006.jpg,78,0.5140649676322937,,
A02_03_02_M_roh.jpeg,2,IMG_20250717_104525.jpg,80,0.4628512859344482,,
A02_03_02_M_roh.jpeg,3,IMG-20250626-WA0021.jpg,67,0.5263360738754272,,
A02_03_02_M_roh.jpeg,4,IMG_20250717_123656.jpg,69,0.4992469549179077,,
A02_03_02_M_roh.jpeg,5,IMG_20250807_105223.jpg,63,0.4803221821784973,,
A04_03_01_W_roh.jpeg,1,IMG-20250919-WA0012.jpg,174,0.7631900906562805,,
A04_03_01_W_roh.jpeg,2,A05_18_07_W_roh.jpeg,163,0.7498279809951782,,
A04_03_01_W_roh.jpeg,3,IMG-20250717-WA0013.jpg,70,0.5279024243354797,,
A04_03_01_W_roh.jpeg,4,IMG-20250626-WA0025.jpg,71,0.5053190588951111,,
A04_03_01_W_roh.jpeg,5,IMG_20250501_133055.jpg,66,0.4994794726371765,,
A04_12_02_M_roh.jpeg,1,IMG-20250919-WA0009.jpg,75,0.5133731961250305,,
A04_12_02_M_roh.jpeg,2,IMG_20250501_132350.jpg,62,0.5531594157218933,,
A04_12_02_M_roh.jpeg,3,IMG-20250626-WA0011.jpg,63,0.509120762348175,,
A04_12_02_M_roh.jpeg,4,IMG-20250626-WA0021.jpg,70,0.4560323059558868,,
A04_12_02_M_roh.jpeg,5,H01_14_03_M_roh.jpeg,60,0.5069348216056824,,
A04_12_04_W_roh.jpeg,1,A04_17_02_W_roh.jpg,216,0.8734481334686279,,
A04_12_04_W_roh.jpeg,2,A06_08_04_W_roh.jpg,68,0.4124203324317932,,
A04_12_04_W_roh.jpeg,3,A08_18_18_W_roh.jpeg,62,0.4051647186279297,,
A04_12_04_W_roh.jpeg,4,A06_15_03_W_roh.jpeg,52,0.4810851216316223,,
A04_12_04_W_roh.jpeg,5,A07_17_03_W_roh.jpg,57,0.4107352197170257,,
A04_15_03_M_roh.jpeg,1,IMG-20250607-WA0007.jpg,43,0.5173782706260681,,
A04_15_03_M_roh.jpeg,2,IMG_20250717_110833.jpg,40,0.5389248728752136,,
A04_15_03_M_roh.jpeg,3,IMG_20250807_105820.jpg,38,0.517509937286377,,
A04_15_03_M_roh.jpeg,4,A05_18_08_W_roh.jpeg,35,0.5399768352508545,,
A04_15_03_M_roh.jpeg,5,A06_17_01_M_roh_-_Kopie.jpg,38,0.4887092113494873,,
A04_15_04_M_roh.jpeg,1,A08_15_21_M_roh.jpeg,65,0.4376576840877533,,
A04_15_04_M_roh.jpeg,2,IMG-20250726-WA0011.jpg,41,0.5174367427825928,,
A04_15_04_M_roh.jpeg,3,IMG-20250626-WA0004.jpg,38,0.505462646484375,,
A04_15_04_M_roh.jpeg,4,IMG-20250626-WA0021.jpg,44,0.4297451376914978,,
A04_15_04_M_roh.jpeg,5,IMG-20250726-WA0012.jpg,42,0.4483312368392944,,
A04_15_05_W_roh.jpeg,1,IMG-20250910-WA0027.jpg,176,0.8529021143913269,,
A04_15_05_W_roh.jpeg,2,IMG-20250910-WA0030.jpg,186,0.7883689403533936,,
A04_15_05_W_roh.jpeg,3,A05_12_03_W_roh.jpeg,170,0.794861912727356,,
A04_15_05_W_roh.jpeg,4,A05_18_06_W_roh.jpeg,156,0.7419102191925049,,
A04_15_05_W_roh.jpeg,5,IMG-20250919-WA0016.jpg,90,0.5011139512062073,,
A04_15_06_M_roh.jpeg,1,IMG_20250717_113844.jpg,69,0.5171689987182617,,
A04_15_06_M_roh.jpeg,2,IMG-20250919-WA0016.jpg,62,0.5464995503425598,,
A04_15_06_M_roh.jpeg,3,IMG-20250717-WA0011.jpg,65,0.5009744763374329,,
A04_15_06_M_roh.jpeg,4,A07_18_01_W_roh.jpeg,62,0.510638415813446,,
A04_15_06_M_roh.jpeg,5,A08_18_22_W_roh.jpeg,51,0.540023922920227,,
A04_17_01_W_roh.jpg,1,A08_18_19_W_roh.jpeg,214,0.8346794843673706,,
A04_17_01_W_roh.jpg,2,A08_17_17_W_roh.jpg,97,0.5177586078643799,,
A04_17_01_W_roh.jpg,3,A08_09_39_W_roh.jpg,61,0.46037557721138,,
A04_17_01_W_roh.jpg,4,A06_14_02_W_roh.jpg,57,0.4866444170475006,,
A04_17_01_W_roh.jpg,5,A06_08_04_W_roh.jpg,56,0.4571135640144348,,
A04_17_02_W_roh.jpg,1,A04_12_04_W_roh.jpeg,216,0.8734481334686279,,
A04_17_02_W_roh.jpg,2,A08_18_18_W_roh.jpeg,57,0.4350931942462921,,
A04_17_02_W_roh.jpg,3,A06_15_03_W_roh.jpeg,54,0.4365218877792358,,
A04_17_02_W_roh.jpg,4,A05_21_01_W_roh.jpeg,48,0.4559867084026336,,
A04_17_02_W_roh.jpg,5,A04_03_01_W_roh.jpeg,43,0.4900473654270172,,
A05_12_03_W_roh.jpeg,1,IMG-20250910-WA0030.jpg,183,0.7855364680290222,,
A05_12_03_W_roh.jpeg,2,IMG-20250910-WA0027.jpg,177,0.7798566818237305,,
A05_12_03_W_roh.jpeg,3,A04_15_05_W_roh.jpeg,170,0.794861912727356,,
A05_12_03_W_roh.jpeg,4,A05_18_06_W_roh.jpeg,150,0.8300144672393799,,
A05_12_03_W_roh.jpeg,5,IMG-20250919-WA0016.jpg,82,0.4322349429130554,,
A05_15_03_W_roh.jpeg,1,IMG-20250726-WA0007.jpg,62,0.5515603423118591,,
A05_15_03_W_roh.jpeg,2,IMG-20250726-WA0009.jpg,65,0.5221845507621765,,
A05_15_03_W_roh.jpeg,3,IMG-20250919-WA0012.jpg,75,0.4494883716106415,,
A05_15_03_W_roh.jpeg,4,IMG-20250626-WA0025.jpg,60,0.5614266991615295,,
A05_15_03_W_roh.jpeg,5,A05_18_07_W_roh.jpeg,69,0.4763383865356445,,
A05_18_04_W_roh.jpeg,1,A08_06_05_SA_roh.jpeg,111,0.6796128749847412,,
A05_18_04_W_roh.jpeg,2,A05_21_01_W_roh.jpeg,54,0.4582338035106659,,
A05_18_04_W_roh.jpeg,3,A06_18_04_W_roh.jpeg,52,0.4738105833530426,,
A05_18_04_W_roh.jpeg,4,IMG-20250910-WA0063.jpg,52,0.4585877954959869,,
A05_18_04_W_roh.jpeg,5,IMG_20250501_132115.jpg,53,0.4491469264030456,,
A05_18_05_W_roh.jpeg,1,A06_17_04_W_roh.jpg,60,0.5032734274864197,,
A05_18_05_W_roh.jpeg,2,IMG-20250626-WA0021.jpg,52,0.5415974259376526,,
A05_18_05_W_roh.jpeg,3,WhatsApp_Bild_2025-09-26_um_10.50.58_1a5f4434.jpg,60,0.4632526040077209,,
A05_18_05_W_roh.jpeg,4,A06_03_01_M_roh.jpeg,50,0.5302295088768005,,
A05_18_05_W_roh.jpeg,5,A06_12_01_W_roh.jpeg,55,0.4796128869056701,,
A05_18_06_W_roh.jpeg,1,IMG-20250910-WA0030.jpg,190,0.7886964678764343,,
A05_18_06_W_roh.jpeg,2,IMG-20250910-WA0027.jpg,186,0.7734516263008118,,
A05_18_06_W_roh.jpeg,3,A05_12_03_W_roh.jpeg,150,0.8300144672393799,,
A05_18_06_W_roh.jpeg,4,A04_15_05_W_roh.jpeg,156,0.7419102191925049,,
A05_18_06_W_roh.jpeg,5,A06_17_02_W__roh.jpg,66,0.5252636671066284,,
A05_18_07_W_roh.jpeg,1,IMG-20250919-WA0012.jpg,249,0.8367868065834045,,
A05_18_07_W_roh.jpeg,2,A04_03_01_W_roh.jpeg,163,0.7498279809951782,,
A05_18_07_W_roh.jpeg,3,IMG_20250807_104159.jpg,95,0.4701190888881683,,
A05_18_07_W_roh.jpeg,4,IMG_20250501_132350.jpg,79,0.5250598788261414,,
A05_18_07_W_roh.jpeg,5,IMG-20250717-WA0013.jpg,84,0.4778695106506347,,
A05_18_08_W_roh.jpeg,1,IMG_20250717_104525.jpg,91,0.4720393717288971,,
A05_18_08_W_roh.jpeg,2,IMG-20250910-WA0062.jpg,80,0.4985862672328949,,
A05_18_08_W_roh.jpeg,3,IMG-20250626-WA0016.jpg,77,0.503021240234375,,
A05_18_08_W_roh.jpeg,4,IMG_20250717_104652.jpg,74,0.4783922135829925,,
A05_18_08_W_roh.jpeg,5,IMG-20250626-WA0009.jpg,74,0.474198579788208,,
A05_21_01_W_roh.jpeg,1,IMG_20250501_132115.jpg,81,0.4502987265586853,,
A05_21_01_W_roh.jpeg,2,A06_18_04_W_roh.jpeg,60,0.5267226696014404,,
A05_21_01_W_roh.jpeg,3,IMG-20250620-WA0039.jpg,51,0.5500718355178833,,
A05_21_01_W_roh.jpeg,4,IMG_20250501_133055.jpg,56,0.5006786584854126,,
A05_21_01_W_roh.jpeg,5,A08_18_23_W_roh.jpeg,55,0.504576563835144,,
A06_03_01_M_roh.jpeg,1,IMG_20250807_105820.jpg,180,0.8004533052444458,,
A06_03_01_M_roh.jpeg,2,IMG-20250919-WA0009.jpg,77,0.5089321732521057,,
A06_03_01_M_roh.jpeg,3,IMG_20250515_121011.jpg,84,0.4619121551513672,,
A06_03_01_M_roh.jpeg,4,IMG_20250501_132350.jpg,73,0.4943851828575134,,
A06_03_01_M_roh.jpeg,5,IMG-20250626-WA0016.jpg,67,0.5067350268363953,,
A06_03_02_W_roh.jpeg,1,IMG-20250620-WA0042.jpg,67,0.598624587059021,,
A06_03_02_W_roh.jpeg,2,IMG-20250626-WA0013.jpg,76,0.4676987528800964,,
A06_03_02_W_roh.jpeg,3,IMG_20250501_132115.jpg,67,0.4761112034320831,,
A06_03_02_W_roh.jpeg,4,IMG-20250626-WA0024.jpg,67,0.4538948535919189,,
A06_03_02_W_roh.jpeg,5,IMG_20250717_111215.jpg,66,0.4366034865379333,,
A06_08_04_W_roh.jpg,1,A08_18_18_W_roh.jpeg,77,0.4689820408821106,,
A06_08_04_W_roh.jpg,2,IMG-20250626-WA0016.jpg,63,0.5269520282745361,,
A06_08_04_W_roh.jpg,3,A08_17_17_W_roh.jpg,79,0.4097157418727875,,
A06_08_04_W_roh.jpg,4,A07_17_06_W_roh.jpg,68,0.4576452672481537,,
A06_08_04_W_roh.jpg,5,A06_15_03_W_roh.jpeg,62,0.4994666576385498,,
A06_12_01_W_roh.jpeg,1,A06_15_02_W_roh.jpeg,235,0.8557698726654053,,
A06_12_01_W_roh.jpeg,2,IMG-20250607-WA0003.jpg,226,0.8458395600318909,,
A06_12_01_W_roh.jpeg,3,A06_17_02_W__roh.jpg,230,0.8024798631668091,,
A06_12_01_W_roh.jpeg,4,IMG-20250607-WA0006.jpg,214,0.7784998416900635,,
A06_12_01_W_roh.jpeg,5,IMG_20250717_104317.jpg,92,0.4311762452125549,,
A06_12_04_W_roh.jpeg,1,IMG-20250626-WA0015.jpg,197,0.8741626143455505,,
A06_12_04_W_roh.jpeg,2,IMG-20250626-WA0014.jpg,199,0.8160523176193237,,
A06_12_04_W_roh.jpeg,3,IMG_20250717_104652.jpg,202,0.8011088967323303,,
A06_12_04_W_roh.jpeg,4,A08_18_06_W_roh.jpeg,52,0.6212577223777771,,
A06_12_04_W_roh.jpeg,5,IMG_20250717_111516.jpg,64,0.4941593408584595,,
A06_14_02_W_roh.jpg,1,IMG-20250626-WA0020.jpg,99,0.4855763614177704,,
A06_14_02_W_roh.jpg,2,IMG-20250626-WA0016.jpg,96,0.4748580455780029,,
A06_14_02_W_roh.jpg,3,A06_17_04_W_roh.jpg,86,0.4960982203483581,,
A06_14_02_W_roh.jpg,4,IMG-20250910-WA0023.jpg,76,0.5284366607666016,,
A06_14_02_W_roh.jpg,5,IMG_20250501_132350.jpg,76,0.5232692360877991,,
A06_15_02_W_roh.jpeg,1,IMG-20250607-WA0003.jpg,259,0.8196724653244019,,
A06_15_02_W_roh.jpeg,2,A06_17_02_W__roh.jpg,263,0.7927739024162292,,
A06_15_02_W_roh.jpeg,3,A06_12_01_W_roh.jpeg,235,0.8557698726654053,,
A06_15_02_W_roh.jpeg,4,IMG-20250607-WA0006.jpg,257,0.7475529909133911,,
A06_15_02_W_roh.jpeg,5,IMG-20250910-WA0030.jpg,83,0.5057563185691833,,
A06_15_03_W_roh.jpeg,1,A08_17_17_W_roh.jpg,65,0.4809029102325439,,
A06_15_03_W_roh.jpeg,2,A06_08_04_W_roh.jpg,62,0.4994666576385498,,
A06_15_03_W_roh.jpeg,3,A04_12_04_W_roh.jpeg,52,0.4810851216316223,,
A06_15_03_W_roh.jpeg,4,A04_17_02_W_roh.jpg,54,0.4365218877792358,,
A06_15_03_W_roh.jpeg,5,A08_09_39_W_roh.jpg,49,0.4740525782108307,,
A06_17_01_M_roh_-_Kopie.jpg,1,IMG_20250717_104525.jpg,62,0.4845620989799499,,
A06_17_01_M_roh_-_Kopie.jpg,2,IMG-20250717-WA0013.jpg,68,0.4173697829246521,,
A06_17_01_M_roh_-_Kopie.jpg,3,H01_14_03_M_roh.jpeg,56,0.5020363926887512,,
A06_17_01_M_roh_-_Kopie.jpg,4,IMG-20250919-WA0009.jpg,64,0.4330697059631347,,
A06_17_01_M_roh_-_Kopie.jpg,5,A08_18_08_M_roh.jpeg,64,0.4198014140129089,,
A06_17_02_W__roh.jpg,1,IMG-20250607-WA0003.jpg,256,0.8197000026702881,,
A06_17_02_W__roh.jpg,2,A06_15_02_W_roh.jpeg,263,0.7927739024162292,,
A06_17_02_W__roh.jpg,3,A06_12_01_W_roh.jpeg,230,0.8024798631668091,,
A06_17_02_W__roh.jpg,4,IMG-20250607-WA0006.jpg,233,0.7473397254943848,,
A06_17_02_W__roh.jpg,5,IMG-20250910-WA0030.jpg,112,0.4575725197792053,,
A06_17_04_W_roh.jpg,1,IMG_20250717_105046.jpg,258,0.6647529006004333,,
A06_17_04_W_roh.jpg,2,A06_14_02_W_roh.jpg,86,0.4960982203483581,,
A06_17_04_W_roh.jpg,3,A06_15_02_W_roh.jpeg,77,0.504927933216095,,
A06_17_04_W_roh.jpg,4,IMG-20250829-WA0018.jpg,74,0.51677405834198,,
A06_17_04_W_roh.jpg,5,IMG-20250919-WA0011.jpg,81,0.4619017243385315,,
A06_18_04_W_roh.jpeg,1,IMG-20250626-WA0020.jpg,82,0.6562340259552002,,
A06_18_04_W_roh.jpeg,2,A08_18_09_M_roh.jpeg,61,0.5388820171356201,,
A06_18_04_W_roh.jpeg,3,A05_21_01_W_roh.jpeg,60,0.5267226696014404,,
A06_18_04_W_roh.jpeg,4,IMG-20250626-WA0016.jpg,53,0.5822826623916626,,
A06_18_04_W_roh.jpeg,5,H05_11_06_M_roh.jpeg,55,0.5087485909461975,,
A07_08_03_W_roh.jpg,1,IMG-20250620-WA0042.jpg,74,0.4749927222728729,,
A07_08_03_W_roh.jpg,2,IMG-20250626-WA0025.jpg,72,0.4840066730976105,,
A07_08_03_W_roh.jpg,3,IMG-20250607-WA0006.jpg,71,0.4885273575782776,,
A07_08_03_W_roh.jpg,4,IMG-20250620-WA0039.jpg,66,0.5208529829978943,,
A07_08_03_W_roh.jpg,5,IMG_20250717_104317.jpg,69,0.4771957993507385,,
A07_08_04_M_roh.jpg,1,H12_04_02_M_roh.jpg,81,0.4396733343601227,,
A07_08_04_M_roh.jpg,2,A07_15_01_W_roh.jpeg,56,0.5544604659080505,,
A07_08_04_M_roh.jpg,3,IMG-20250716-WA0016.jpg,54,0.5057404637336731,,
A07_08_04_M_roh.jpg,4,IMG-20250919-WA0008.jpg,61,0.4258575737476349,,
A07_08_04_M_roh.jpg,5,IMG-20250910-WA0025.jpg,54,0.4610793888568878,,
A07_09_02_W_roh.jpg,1,IMG_20250717_104525.jpg,92,0.4763917624950409,,
A07_09_02_W_roh.jpg,2,IMG_20250501_132350.jpg,95,0.4494459927082062,,
A07_09_02_W_roh.jpg,3,IMG-20250919-WA0020.jpg,92,0.4638367593288421,,
A07_09_02_W_roh.jpg,4,IMG-20250626-WA0009.jpg,89,0.4677689969539642,,
A07_09_02_W_roh.jpg,5,IMG_20250717_113844.jpg,83,0.4936635494232178,,
A07_09_03_W_roh.jpg,1,A08_15_03_W_roh.jpeg,156,0.6708027720451355,,
A07_09_03_W_roh.jpg,2,IMG_20250501_132115.jpg,88,0.4329744875431061,,
A07_09_03_W_roh.jpg,3,IMG-20250626-WA0025.jpg,72,0.490633875131607,,
A07_09_03_W_roh.jpg,4,IMG-20250717-WA0009.jpg,69,0.4992713928222656,,
A07_09_03_W_roh.jpg,5,A08_15_04_M_roh.jpeg,76,0.4477698802947998,,
A07_15_01_W_roh.jpeg,1,IMG-20250626-WA0009.jpg,77,0.4564829170703888,,
A07_15_01_W_roh.jpeg,2,A07_18_01_W_roh.jpeg,68,0.5162797570228577,,
A07_15_01_W_roh.jpeg,3,IMG-20250626-WA0003.jpg,62,0.5286396741867065,,
A07_15_01_W_roh.jpeg,4,IMG_20250717_104525.jpg,67,0.4761248528957367,,
A07_15_01_W_roh.jpeg,5,A07_08_04_M_roh.jpg,56,0.5544604659080505,,
A07_17_03_W_roh.jpg,1,A07_17_06_W_roh.jpg,70,0.3828053474426269,,
A07_17_03_W_roh.jpg,2,A08_09_39_W_roh.jpg,65,0.3739913702011108,,
A07_17_03_W_roh.jpg,3,A04_12_04_W_roh.jpeg,57,0.4107352197170257,,
A07_17_03_W_roh.jpg,4,A08_17_17_W_roh.jpg,60,0.3851615488529205,,
A07_17_03_W_roh.jpg,5,A06_08_04_W_roh.jpg,60,0.3846015632152557,,
A07_17_06_W_roh.jpg,1,A06_08_04_W_roh.jpg,68,0.4576452672481537,,
A07_17_06_W_roh.jpg,2,A07_17_03_W_roh.jpg,70,0.3828053474426269,,
A07_17_06_W_roh.jpg,3,IMG-20250620-WA0039.jpg,46,0.5268915295600891,,
A07_17_06_W_roh.jpg,4,A08_15_17_M_roh.jpeg,50,0.4450518190860748,,
A07_17_06_W_roh.jpg,5,IMG-20250919-WA0021.jpg,45,0.4407879412174225,,
A07_18_01_W_roh.jpeg,1,A07_15_01_W_roh.jpeg,68,0.5162797570228577,,
A07_18_01_W_roh.jpeg,2,IMG_20250717_104525.jpg,75,0.4517147839069366,,
A07_18_01_W_roh.jpeg,3,IMG-20250626-WA0011.jpg,59,0.5595222115516663,,
A07_18_01_W_roh.jpeg,4,A04_15_06_M_roh.jpeg,62,0.510638415813446,,
A07_18_01_W_roh.jpeg,5,IMG-20250829-WA0013.jpg,57,0.5407103300094604,,
A07_18_03_W_roh.jpeg,1,IMG_20250717_104652.jpg,72,0.5061355829238892,,
A07_18_03_W_roh.jpeg,2,IMG-20250716-WA0006.jpg,70,0.4888206422328949,,
A07_18_03_W_roh.jpeg,3,A08_18_04_W_roh.jpeg,57,0.5160404443740845,,
A07_18_03_W_roh.jpeg,4,A05_18_07_W_roh.jpeg,45,0.6283806562423706,,
A07_18_03_W_roh.jpeg,5,IMG-20250910-WA0016.jpg,56,0.4796231389045715,,
A08_06_02_SA_roh.jpeg,1,A08_18_06_W_roh.jpeg,117,0.687371551990509,,
A08_06_02_SA_roh.jpeg,2,IMG_20250717_104525.jpg,81,0.4740265309810638,,
A08_06_02_SA_roh.jpeg,3,IMG-20250919-WA0009.jpg,70,0.5163840055465698,,
A08_06_02_SA_roh.jpeg,4,IMG-20250620-WA0042.jpg,69,0.5205342769622803,,
A08_06_02_SA_roh.jpeg,5,IMG-20250717-WA0012.jpg,76,0.4601714611053467,,
A08_06_05_SA_roh.jpeg,1,IMG-20250910-WA0063.jpg,135,0.6975815892219543,,
A08_06_05_SA_roh.jpeg,2,A05_18_04_W_roh.jpeg,111,0.6796128749847412,,
A08_06_05_SA_roh.jpeg,3,IMG_20250717_111516.jpg,77,0.4805515706539154,,
A08_06_05_SA_roh.jpeg,4,IMG_20250501_132350.jpg,74,0.4905925095081329,,
A08_06_05_SA_roh.jpeg,5,IMG-20250626-WA0020.jpg,57,0.4869074821472168,,
A08_06_08_W_roh.jpeg,1,IMG-20250626-WA0020.jpg,79,0.4716469049453735,,
A08_06_08_W_roh.jpeg,2,IMG-20250626-WA0002.jpg,72,0.4883766770362854,,
A08_06_08_W_roh.jpeg,3,A05_12_03_W_roh.jpeg,63,0.5556297302246094,,
A08_06_08_W_roh.jpeg,4,IMG-20250910-WA0030.jpg,74,0.4534230828285217,,
A08_06_08_W_roh.jpeg,5,IMG-20250829-WA0018.jpg,67,0.4984244704246521,,
A08_06_10_M_roh.jpeg,1,AT01_03_04_M_roh.jpeg,62,0.557338535785675,,
A08_06_10_M_roh.jpeg,2,IMG-20250910-WA0017.jpg,60,0.555106520652771,,
A08_06_10_M_roh.jpeg,3,A06_17_02_W__roh.jpg,61,0.5222330689430237,,
A08_06_10_M_roh.jpeg,4,IMG-20250620-WA0042.jpg,65,0.4868622720241546,,
A08_06_10_M_roh.jpeg,5,IMG-20250626-WA0020.jpg,68,0.4572380781173706,,
A08_09_35_W_roh.jpg,1,A08_18_05_W_roh.jpeg,167,0.7286103963851929,,
A08_09_35_W_roh.jpg,2,IMG-20250910-WA0063.jpg,76,0.5415870547294617,,
A08_09_35_W_roh.jpg,3,IMG-20250626-WA0016.jpg,81,0.4708769917488098,,
A08_09_35_W_roh.jpg,4,IMG-20250919-WA0019.jpg,87,0.4317885637283325,,
A08_09_35_W_roh.jpg,5,IMG_20250717_104652.jpg,76,0.4896197021007538,,
A08_09_39_W_roh.jpg,1,IMG-20250717-WA0009.jpg,64,0.4749321341514587,,
A08_09_39_W_roh.jpg,2,A04_17_01_W_roh.jpg,61,0.46037557721138,,
A08_09_39_W_roh.jpg,3,A08_17_17_W_roh.jpg,58,0.4479367434978485,,
A08_09_39_W_roh.jpg,4,A08_18_18_W_roh.jpeg,66,0.3846921324729919,,
A08_09_39_W_roh.jpg,5,A06_12_01_W_roh.jpeg,51,0.4875111877918243,,
A08_12_05_W_roh.jpeg,1,IMG-20250919-WA0008.jpg,45,0.4391211867332458,,
A08_12_05_W_roh.jpeg,2,IMG-20250626-WA0014.jpg,38,0.5006752610206604,,
A08_12_05_W_roh.jpeg,3,H12_04_02_M_roh.jpg,43,0.4329051077365875,,
A08_12_05_W_roh.jpeg,4,A08_18_17_W_roh.jpeg,41,0.4517988264560699,,
A08_12_05_W_roh.jpeg,5,IMG_20250717_104652.jpg,38,0.4783916473388672,,
A08_12_13_W_roh.jpeg,1,A08_15_14_W_roh.jpeg,118,0.7157043218612671,,
A08_12_13_W_roh.jpeg,2,IMG-20250910-WA0017.jpg,59,0.6130085587501526,,
A08_12_13_W_roh.jpeg,3,IMG-20250626-WA0016.jpg,74,0.479056715965271,,
A08_12_13_W_roh.jpeg,4,IMG-20250919-WA0020.jpg,77,0.4597259163856506,,
A08_12_13_W_roh.jpeg,5,IMG_20250717_104525.jpg,79,0.4463184773921966,,
A08_12_15_W_roh.jpeg,1,IMG-20250910-WA0061.jpg,152,0.7849884033203125,,
A08_12_15_W_roh.jpeg,2,A08_18_10_W_roh.jpeg,138,0.8456428647041321,,
A08_12_15_W_roh.jpeg,3,IMG-20250726-WA0011.jpg,56,0.508582353591919,,
A08_12_15_W_roh.jpeg,4,A06_12_01_W_roh.jpeg,58,0.4798217713832855,,
A08_12_15_W_roh.jpeg,5,IMG-20250626-WA0025.jpg,53,0.5239126682281494,,
A08_15_03_W_roh.jpeg,1,A07_09_03_W_roh.jpg,156,0.6708027720451355,,
A08_15_03_W_roh.jpeg,2,A08_15_04_M_roh.jpeg,61,0.5561425089836121,,
A08_15_03_W_roh.jpeg,3,H05_11_06_M_roh.jpeg,49,0.5575970411300659,,
A08_15_03_W_roh.jpeg,4,IMG-20250717-WA0011.jpg,48,0.5627007484436035,,
A08_15_03_W_roh.jpeg,5,H01_17_01_M_roh.jpeg,59,0.4551965892314911,,
A08_15_04_M_roh.jpeg,1,IMG-20250626-WA0025.jpg,150,0.762109100818634,,
A08_15_04_M_roh.jpeg,2,IMG_20250807_104159.jpg,129,0.7486584186553955,,
A08_15_04_M_roh.jpeg,3,IMG-20250626-WA0024.jpg,127,0.7103946805000305,,
A08_15_04_M_roh.jpeg,4,A07_09_03_W_roh.jpg,76,0.4477698802947998,,
A08_15_04_M_roh.jpeg,5,A08_15_03_W_roh.jpeg,61,0.5561425089836121,,
A08_15_05_M_roh.jpeg,1,IMG_20250717_111215.jpg,201,0.8258877992630005,,
A08_15_05_M_roh.jpeg,2,IMG-20250910-WA0062.jpg,160,0.852013885974884,,
A08_15_05_M_roh.jpeg,3,IMG-20250829-WA0022.jpg,83,0.4548974931240082,,
A08_15_05_M_roh.jpeg,4,IMG_20250807_103916.jpg,71,0.5083180665969849,,
A08_15_05_M_roh.jpeg,5,IMG-20250919-WA0009.jpg,74,0.4514675736427307,,
A08_15_06_W_roh.jpeg,1,IMG_20250717_104652.jpg,73,0.4773701727390289,,
A08_15_06_W_roh.jpeg,2,IMG_20250807_103916.jpg,72,0.4457077085971832,,
A08_15_06_W_roh.jpeg,3,A05_18_07_W_roh.jpeg,65,0.4908781349658966,,
A08_15_06_W_roh.jpeg,4,IMG-20250910-WA0017.jpg,63,0.5050243735313416,,
A08_15_06_W_roh.jpeg,5,IMG_20250807_104159.jpg,69,0.4562191069126129,,
A08_15_07_W_roh.jpeg,1,WhatsApp_Bild_2025-09-19_um_12.14.04_40e117ce.jpg,79,0.4953331053256988,,
A08_15_07_W_roh.jpeg,2,IMG-20250910-WA0017.jpg,69,0.5633458495140076,,
A08_15_07_W_roh.jpeg,3,IMG_20250717_104525.jpg,68,0.4603545665740967,,
A08_15_07_W_roh.jpeg,4,H11_20_02_W_roh.jpeg,62,0.5002209544181824,,
A08_15_07_W_roh.jpeg,5,IMG-20250919-WA0020.jpg,60,0.506295382976532,,
A08_15_14_W_roh.jpeg,1,A08_12_13_W_roh.jpeg,118,0.7157043218612671,,
A08_15_14_W_roh.jpeg,2,IMG_20250717_104317.jpg,63,0.5153498649597168,,
A08_15_14_W_roh.jpeg,3,IMG_20250717_104525.jpg,63,0.4422129094600677,,
A08_15_14_W_roh.jpeg,4,A05_12_03_W_roh.jpeg,52,0.5243460536003113,,
A08_15_14_W_roh.jpeg,5,WhatsApp_Bild_2025-07-31_um_14.06.15_96d8cd99.jpg,48,0.5551740527153015,,
A08_15_17_M_roh.jpeg,1,A07_17_06_W_roh.jpg,50,0.4450518190860748,,
A08_15_17_M_roh.jpeg,2,A08_18_19_W_roh.jpeg,39,0.5212563276290894,,
A08_15_17_M_roh.jpeg,3,IMG-20250829-WA0024.jpg,41,0.442766785621643,,
A08_15_17_M_roh.jpeg,4,A06_15_03_W_roh.jpeg,34,0.5312073826789856,,
A08_15_17_M_roh.jpeg,5,IMG-20250626-WA0011.jpg,40,0.4495041370391845,,
A08_15_19_M_roh.jpeg,1,IMG_20250807_105223.jpg,149,0.8204168677330017,,
A08_15_19_M_roh.jpeg,2,IMG_20250515_121011.jpg,76,0.5799228549003601,,
A08_15_19_M_roh.jpeg,3,IMG_20250717_104317.jpg,77,0.5303733944892883,,
A08_15_19_M_roh.jpeg,4,IMG-20250919-WA0016.jpg,77,0.5267069935798645,,
A08_15_19_M_roh.jpeg,5,WhatsApp_Bild_2025-09-19_um_12.14.04_40e117ce.jpg,77,0.4831359684467315,,
A08_15_21_M_roh.jpeg,1,IMG-20250910-WA0064.jpg,117,0.6299035549163818,,
A08_15_21_M_roh.jpeg,2,A08_18_02_W_roh.jpeg,53,0.5445946455001831,,
A08_15_21_M_roh.jpeg,3,A04_15_04_M_roh.jpeg,65,0.4376576840877533,,
A08_15_21_M_roh.jpeg,4,IMG-20250626-WA0011.jpg,40,0.5149109363555908,,
A08_15_21_M_roh.jpeg,5,IMG_20250807_104159.jpg,37,0.5278415083885193,,
A08_17_17_W_roh.jpg,1,A04_17_01_W_roh.jpg,97,0.5177586078643799,,
A08_17_17_W_roh.jpg,2,A06_08_04_W_roh.jpg,79,0.4097157418727875,,
A08_17_17_W_roh.jpg,3,A08_18_18_W_roh.jpeg,67,0.4779279828071594,,
A08_17_17_W_roh.jpg,4,A06_15_03_W_roh.jpeg,65,0.4809029102325439,,
A08_17_17_W_roh.jpg,5,A08_09_39_W_roh.jpg,58,0.4479367434978485,,
A08_18_01_M_roh.jpeg,1,IMG_20250717_113633.jpg,233,0.8599086999893188,,
A08_18_01_M_roh.jpeg,2,IMG_20250807_103916.jpg,77,0.5152269005775452,,
A08_18_01_M_roh.jpeg,3,IMG-20250919-WA0021.jpg,69,0.5489225387573242,,
A08_18_01_M_roh.jpeg,4,IMG-20250919-WA0020.jpg,75,0.4894863069057464,,
A08_18_01_M_roh.jpeg,5,IMG-20250919-WA0019.jpg,73,0.4787739217281341,,
A08_18_02_W_roh.jpeg,1,A08_15_21_M_roh.jpeg,53,0.5445946455001831,,
A08_18_02_W_roh.jpeg,2,H01_17_03_W_roh.jpeg,58,0.4482344686985016,,
A08_18_02_W_roh.jpeg,3,A08_18_22_W_roh.jpeg,54,0.4552604556083679,,
A08_18_02_W_roh.jpeg,4,IMG-20250607-WA0006.jpg,46,0.5233554840087891,,
A08_18_02_W_roh.jpeg,5,IMG-20250716-WA0011.jpg,38,0.5505149364471436,,
A08_18_03_W_roh.jpeg,1,IMG_20250717_112327.jpg,206,0.772627592086792,,
A08_18_03_W_roh.jpeg,2,A08_18_01_M_roh.jpeg,61,0.5670838356018066,,
A08_18_03_W_roh.jpeg,3,IMG_20250515_113414.jpg,65,0.4875730574131012,,
A08_18_03_W_roh.jpeg,4,IMG-20250910-WA0018.jpg,59,0.5075904130935669,,
A08_18_03_W_roh.jpeg,5,IMG-20250620-WA0039.jpg,53,0.5383731722831726,,
A08_18_04_W_roh.jpeg,1,IMG_20250501_133055.jpg,137,0.6558980345726013,,
A08_18_04_W_roh.jpeg,2,IMG-20250607-WA0003.jpg,83,0.4592253267765045,,
A08_18_04_W_roh.jpeg,3,IMG_20250807_104825.jpg,73,0.4927235543727875,,
A08_18_04_W_roh.jpeg,4,IMG-20250919-WA0014.jpg,63,0.5176965594291687,,
A08_18_04_W_roh.jpeg,5,IMG-20250607-WA0006.jpg,64,0.5086874961853027,,
A08_18_05_W_roh.jpeg,1,A08_09_35_W_roh.jpg,167,0.7286103963851929,,
A08_18_05_W_roh.jpeg,2,IMG_20250717_113844.jpg,82,0.5476198792457581,,
A08_18_05_W_roh.jpeg,3,IMG_20250717_104525.jpg,93,0.4639032781124115,,
A08_18_05_W_roh.jpeg,4,IMG-20250919-WA0019.jpg,80,0.4946014583110809,,
A08_18_05_W_roh.jpeg,5,IMG_20250717_113156.jpg,80,0.4887216687202453,,
A08_18_06_W_roh.jpeg,1,A08_06_02_SA_roh.jpeg,117,0.687371551990509,,
A08_18_06_W_roh.jpeg,2,A06_12_04_W_roh.jpeg,52,0.6212577223777771,,
A08_18_06_W_roh.jpeg,3,IMG-20250726-WA0007.jpg,60,0.4793435633182525,,
A08_18_06_W_roh.jpeg,4,IMG_20250501_133055.jpg,58,0.4846715033054352,,
A08_18_06_W_roh.jpeg,5,IMG_20250807_105820.jpg,63,0.444254457950592,,
A08_18_08_M_roh.jpeg,1,A06_17_01_M_roh_-_Kopie.jpg,64,0.4198014140129089,,
A08_18_08_M_roh.jpeg,2,IMG_20250807_105223.jpg,51,0.4922082126140594,,
A08_18_08_M_roh.jpeg,3,IMG-20250717-WA0013.jpg,47,0.5275307893753052,,
A08_18_08_M_roh.jpeg,4,IMG-20250910-WA0018.jpg,50,0.480837881565094,,
A08_18_08_M_roh.jpeg,5,IMG_20250717_104317.jpg,52,0.4573346078395843,,
A08_18_09_M_roh.jpeg,1,A06_18_04_W_roh.jpeg,61,0.5388820171356201,,
A08_18_09_M_roh.jpeg,2,A08_15_04_M_roh.jpeg,63,0.4699235558509826,,
A08_18_09_M_roh.jpeg,3,IMG_20250501_132350.jpg,52,0.4856860637664795,,
A08_18_09_M_roh.jpeg,4,A06_12_01_W_roh.jpeg,46,0.5440087914466858,,
A08_18_09_M_roh.jpeg,5,IMG-20250626-WA0025.jpg,55,0.4454289972782135,,
A08_18_10_W_roh.jpeg,1,IMG-20250910-WA0061.jpg,207,0.8391679525375366,,
A08_18_10_W_roh.jpeg,2,A08_12_15_W_roh.jpeg,138,0.8456428647041321,,
A08_18_10_W_roh.jpeg,3,IMG-20250716-WA0016.jpg,86,0.506406307220459,,
A08_18_10_W_roh.jpeg,4,IMG-20250626-WA0025.jpg,80,0.5002604722976685,,
A08_18_10_W_roh.jpeg,5,A05_18_07_W_roh.jpeg,62,0.5595607757568359,,
A08_18_12_W_roh.jpeg,1,A06_14_02_W_roh.jpg,62,0.5399150848388672,,
A08_18_12_W_roh.jpeg,2,IMG-20250626-WA0009.jpg,46,0.5241144299507141,,
A08_18_12_W_roh.jpeg,3,IMG-20250829-WA0022.jpg,45,0.504248857498169,,
A08_18_12_W_roh.jpeg,4,WhatsApp_Bild_2025-09-19_um_12.14.04_40e117ce.jpg,56,0.4050219655036926,,
A08_18_12_W_roh.jpeg,5,A06_12_01_W_roh.jpeg,50,0.4515819549560547,,
A08_18_13_W_roh.jpeg,1,A06_12_01_W_roh.jpeg,63,0.490455150604248,,
A08_18_13_W_roh.jpeg,2,AT01_03_04_M_roh.jpeg,57,0.5179732441902161,,
A08_18_13_W_roh.jpeg,3,IMG-20250626-WA0025.jpg,58,0.499040424823761,,
A08_18_13_W_roh.jpeg,4,IMG_20250501_133055.jpg,57,0.472135454416275,,
A08_18_13_W_roh.jpeg,5,A08_15_04_M_roh.jpeg,48,0.5452072024345398,,
A08_18_14_M_roh.jpeg,1,IMG_20250807_103916.jpg,160,0.8293342590332031,,
A08_18_14_M_roh.jpeg,2,IMG_20250717_113844.jpg,78,0.519730806350708,,
A08_18_14_M_roh.jpeg,3,IMG-20250910-WA0027.jpg,71,0.5153788924217224,,
A08_18_14_M_roh.jpeg,4,IMG-20250910-WA0030.jpg,72,0.4942416250705719,,
A08_18_14_M_roh.jpeg,5,IMG-20250829-WA0022.jpg,74,0.4492013454437256,,
A08_18_17_W_roh.jpeg,1,A08_15_06_W_roh.jpeg,42,0.4981037378311157,,
A08_18_17_W_roh.jpeg,2,A08_12_05_W_roh.jpeg,41,0.4517988264560699,,
A08_18_17_W_roh.jpeg,3,H11_20_01_W_roh.jpeg,34,0.5010419487953186,,
A08_18_17_W_roh.jpeg,4,A06_15_03_W_roh.jpeg,30,0.5618708729743958,,
A08_18_17_W_roh.jpeg,5,A08_15_21_M_roh.jpeg,31,0.468006819486618,,
A08_18_18_W_roh.jpeg,1,A06_08_04_W_roh.jpg,77,0.4689820408821106,,
A08_18_18_W_roh.jpeg,2,A08_17_17_W_roh.jpg,67,0.4779279828071594,,
A08_18_18_W_roh.jpeg,3,IMG_20250807_104159.jpg,59,0.4704885184764862,,
A08_18_18_W_roh.jpeg,4,A08_09_39_W_roh.jpg,66,0.3846921324729919,,
A08_18_18_W_roh.jpeg,5,A04_12_04_W_roh.jpeg,62,0.4051647186279297,,
A08_18_19_W_roh.jpeg,1,A04_17_01_W_roh.jpg,214,0.8346794843673706,,
A08_18_19_W_roh.jpeg,2,H05_10_01_W_roh.jpeg,41,0.5156261324882507,,
A08_18_19_W_roh.jpeg,3,A08_15_17_M_roh.jpeg,39,0.5212563276290894,,
A08_18_19_W_roh.jpeg,4,A08_15_06_W_roh.jpeg,42,0.4588918387889862,,
A08_18_19_W_roh.jpeg,5,IMG_20250717_123656.jpg,38,0.4942169189453125,,
A08_18_20_W_roh.jpeg,1,IMG-20250626-WA0011.jpg,64,0.5467574596405029,,
A08_18_20_W_roh.jpeg,2,IMG-20250829-WA0018.jpg,62,0.5433300137519836,,
A08_18_20_W_roh.jpeg,3,IMG-20250626-WA0025.jpg,66,0.5026508569717407,,
A08_18_20_W_roh.jpeg,4,IMG_20250717_104317.jpg,67,0.4675507545471191,,
A08_18_20_W_roh.jpeg,5,IMG-20250919-WA0009.jpg,60,0.5181533694267273,,
A08_18_21_M_roh.jpeg,1,IMG-20250919-WA0021.jpg,214,0.8007901310920715,,
A08_18_21_M_roh.jpeg,2,IMG_20250501_132350.jpg,82,0.553974986076355,,
A08_18_21_M_roh.jpeg,3,IMG_20250717_113156.jpg,73,0.5400540232658386,,
A08_18_21_M_roh.jpeg,4,IMG-20250829-WA0022.jpg,71,0.520011842250824,,
A08_18_21_M_roh.jpeg,5,IMG-20250717-WA0013.jpg,68,0.5337927937507629,,
A08_18_22_W_roh.jpeg,1,A04_15_06_M_roh.jpeg,51,0.540023922920227,,
A08_18_22_W_roh.jpeg,2,H01_14_03_M_roh.jpeg,51,0.5366206169128418,,
A08_18_22_W_roh.jpeg,3,A08_18_02_W_roh.jpeg,54,0.4552604556083679,,
A08_18_22_W_roh.jpeg,4,IMG_20250717_110833.jpg,46,0.5227982997894287,,
A08_18_22_W_roh.jpeg,5,IMG-20250626-WA0025.jpg,40,0.5933433771133423,,
A08_18_23_W_roh.jpeg,1,IMG-20250607-WA0007.jpg,84,0.5723279714584351,,
A08_18_23_W_roh.jpeg,2,A06_17_04_W_roh.jpg,53,0.544461190700531,,
A08_18_23_W_roh.jpeg,3,IMG_20250501_132115.jpg,55,0.5149446725845337,,
A08_18_23_W_roh.jpeg,4,A05_21_01_W_roh.jpeg,55,0.504576563835144,,
A08_18_23_W_roh.jpeg,5,H01_17_01_M_roh.jpeg,49,0.5263984799385071,,
AT01_03_01_W_roh.jpeg,1,A05_12_03_W_roh.jpeg,65,0.5285550355911255,,
AT01_03_01_W_roh.jpeg,2,IMG-20250910-WA0018.jpg,61,0.5203703045845032,,
AT01_03_01_W_roh.jpeg,3,IMG-20250910-WA0062.jpg,62,0.4776871502399444,,
AT01_03_01_W_roh.jpeg,4,A06_15_02_W_roh.jpeg,52,0.5587164759635925,,
AT01_03_01_W_roh.jpeg,5,IMG-20250829-WA0022.jpg,52,0.5440784692764282,,
AT01_03_02_W_roh.jpeg,1,IMG-20250620-WA0042.jpg,75,0.4966787695884704,,
AT01_03_02_W_roh.jpeg,2,IMG-20250626-WA0015.jpg,70,0.4569039642810821,,
AT01_03_02_W_roh.jpeg,3,IMG-20250607-WA0007.jpg,56,0.5276374816894531,,
AT01_03_02_W_roh.jpeg,4,A07_09_02_W_roh.jpg,64,0.4601262211799621,,
AT01_03_02_W_roh.jpeg,5,IMG_20250717_113156.jpg,67,0.4341336190700531,,
AT01_03_04_M_roh.jpeg,1,IMG-20250626-WA0014.jpg,71,0.5038658380508423,,
AT01_03_04_M_roh.jpeg,2,A08_06_10_M_roh.jpeg,62,0.557338535785675,,
AT01_03_04_M_roh.jpeg,3,IMG_20250501_132350.jpg,62,0.5094674825668335,,
AT01_03_04_M_roh.jpeg,4,IMG_20250717_105046.jpg,68,0.4624991118907928,,
AT01_03_04_M_roh.jpeg,5,A08_18_14_M_roh.jpeg,60,0.5237360000610352,,
AT01_06_03_W_roh.jpeg,1,IMG-20250919-WA0021.jpg,88,0.4866445958614349,,
AT01_06_03_W_roh.jpeg,2,IMG-20250717-WA0012.jpg,68,0.480948269367218,,
AT01_06_03_W_roh.jpeg,3,IMG-20250626-WA0016.jpg,65,0.4940811693668365,,
AT01_06_03_W_roh.jpeg,4,IMG_20250717_113844.jpg,67,0.4724325537681579,,
AT01_06_03_W_roh.jpeg,5,A08_18_21_M_roh.jpeg,62,0.5040998458862305,,
H01_07_01_M_roh.jpeg,1,IMG-20250626-WA0020.jpg,70,0.5067189931869507,,
H01_07_01_M_roh.jpeg,2,IMG-20250626-WA0016.jpg,65,0.4786814153194427,,
H01_07_01_M_roh.jpeg,3,IMG-20250910-WA0018.jpg,53,0.5723328590393066,,
H01_07_01_M_roh.jpeg,4,A08_06_02_SA_roh.jpeg,54,0.5435126423835754,,
H01_07_01_M_roh.jpeg,5,A05_18_06_W_roh.jpeg,57,0.5013905167579651,,
H01_14_03_M_roh.jpeg,1,IMG-20250919-WA0009.jpg,64,0.5752825736999512,,
H01_14_03_M_roh.jpeg,2,A04_12_02_M_roh.jpeg,60,0.5069348216056824,,
H01_14_03_M_roh.jpeg,3,H01_17_03_W_roh.jpeg,57,0.5253803730010986,,
H01_14_03_M_roh.jpeg,4,IMG-20250910-WA0029.jpg,59,0.5024662613868713,,
H01_14_03_M_roh.jpeg,5,A06_17_01_M_roh_-_Kopie.jpg,56,0.5020363926887512,,
H01_17_01_M_roh.jpeg,1,IMG_20250501_132115.jpg,74,0.4796150028705597,,
H01_17_01_M_roh.jpeg,2,A07_08_03_W_roh.jpg,55,0.5086076259613037,,
H01_17_01_M_roh.jpeg,3,A08_12_15_W_roh.jpeg,54,0.507780909538269,,
H01_17_01_M_roh.jpeg,4,A08_15_03_W_roh.jpeg,59,0.4551965892314911,,
H01_17_01_M_roh.jpeg,5,A08_18_23_W_roh.jpeg,49,0.5263984799385071,,
H01_17_02_M_roh.jpeg,1,IMG_20250717_104525.jpg,101,0.4497876167297363,,
H01_17_02_M_roh.jpeg,2,IMG-20250626-WA0003.jpg,91,0.497188538312912,,
H01_17_02_M_roh.jpeg,3,IMG-20250919-WA0021.jpg,83,0.4590464532375335,,
H01_17_02_M_roh.jpeg,4,IMG_20250717_113844.jpg,83,0.4510370194911957,,
H01_17_02_M_roh.jpeg,5,A08_15_19_M_roh.jpeg,62,0.5798192024230957,,
H01_17_03_W_roh.jpeg,1,IMG-20250919-WA0009.jpg,69,0.5439713597297668,,
H01_17_03_W_roh.jpeg,2,IMG_20250717_113844.jpg,73,0.5082246661186218,,
H01_17_03_W_roh.jpeg,3,IMG-20250829-WA0017.jpg,67,0.4926985502243042,,
H01_17_03_W_roh.jpeg,4,IMG_20250717_111215.jpg,62,0.5110551118850708,,
H01_17_03_W_roh.jpeg,5,IMG-20250919-WA0011.jpg,65,0.4803310632705688,,
H05_07_06_W_roh.jpeg,1,H05_10_01_W_roh.jpeg,135,0.8309993147850037,,
H05_07_06_W_roh.jpeg,2,IMG_20250717_104525.jpg,59,0.5020651817321777,,
H05_07_06_W_roh.jpeg,3,IMG-20250910-WA0016.jpg,55,0.4996230900287628,,
H05_07_06_W_roh.jpeg,4,H01_17_02_M_roh.jpeg,53,0.5151852965354919,,
H05_07_06_W_roh.jpeg,5,WhatsApp_Bild_2025-09-26_um_10.50.58_1a5f4434.jpg,55,0.4953122138977051,,
H05_08_07_W_roh.jpeg,1,H05_11_06_M_roh.jpeg,66,0.5239585041999817,,
H05_08_07_W_roh.jpeg,2,IMG-20250910-WA0018.jpg,57,0.5580000281333923,,
H05_08_07_W_roh.jpeg,3,IMG-20250919-WA0016.jpg,63,0.4782385230064392,,
H05_08_07_W_roh.jpeg,4,IMG-20250829-WA0022.jpg,64,0.4656276106834411,,
H05_08_07_W_roh.jpeg,5,IMG_20250717_104652.jpg,62,0.4767713546752929,,
H05_10_01_W_roh.jpeg,1,H05_07_06_W_roh.jpeg,135,0.8309993147850037,,
H05_10_01_W_roh.jpeg,2,IMG-20250829-WA0020.jpg,69,0.4745275676250458,,
H05_10_01_W_roh.jpeg,3,A06_03_01_M_roh.jpeg,59,0.5352552533149719,,
H05_10_01_W_roh.jpeg,4,IMG-20250626-WA0009.jpg,60,0.5129497051239014,,
H05_10_01_W_roh.jpeg,5,IMG_20250717_113633.jpg,60,0.4949776530265808,,
H05_10_02_M_roh.jpeg,1,A06_14_02_W_roh.jpg,65,0.550604522228241,,
H05_10_02_M_roh.jpeg,2,IMG-20250626-WA0016.jpg,65,0.5378826260566711,,
H05_10_02_M_roh.jpeg,3,A08_18_14_M_roh.jpeg,64,0.516990065574646,,
H05_10_02_M_roh.jpeg,4,IMG-20250717-WA0012.jpg,64,0.4747757315635681,,
H05_10_02_M_roh.jpeg,5,H05_11_40_M_roh.jpeg,64,0.4475211501121521,,
H05_10_17_W_roh.jpeg,1,IMG-20250726-WA0009.jpg,54,0.5244176387786865,,
H05_10_17_W_roh.jpeg,2,IMG-20250726-WA0007.jpg,46,0.5360414981842041,,
H05_10_17_W_roh.jpeg,3,IMG-20250910-WA0029.jpg,51,0.4775092005729675,,
H05_10_17_W_roh.jpeg,4,IMG-20250919-WA0020.jpg,55,0.438749611377716,,
H05_10_17_W_roh.jpeg,5,A08_15_06_W_roh.jpeg,50,0.4731698632240295,,
H05_11_05_M_roh.jpeg,1,IMG-20250910-WA0018.jpg,52,0.5465294122695923,,
H05_11_05_M_roh.jpeg,2,A08_12_15_W_roh.jpeg,42,0.5663200616836548,,
H05_11_05_M_roh.jpeg,3,H05_11_41_M_roh.jpeg,46,0.5100677609443665,,
H05_11_05_M_roh.jpeg,4,IMG-20250626-WA0011.jpg,46,0.5064508318901062,,
H05_11_05_M_roh.jpeg,5,H05_10_01_W_roh.jpeg,45,0.5112307667732239,,
H05_11_06_M_roh.jpeg,1,H05_08_07_W_roh.jpeg,66,0.5239585041999817,,
H05_11_06_M_roh.jpeg,2,A08_18_04_W_roh.jpeg,66,0.4882968664169311,,
H05_11_06_M_roh.jpeg,3,IMG_20250501_133055.jpg,62,0.5043948888778687,,
H05_11_06_M_roh.jpeg,4,IMG-20250919-WA0020.jpg,62,0.4868888854980469,,
H05_11_06_M_roh.jpeg,5,IMG_20250501_132115.jpg,65,0.4502334594726562,,
H05_11_07_W_roh.jpeg,1,A06_17_02_W__roh.jpg,70,0.5503075122833252,,
H05_11_07_W_roh.jpeg,2,IMG-20250607-WA0006.jpg,63,0.5333200097084045,,
H05_11_07_W_roh.jpeg,3,IMG_20250501_132350.jpg,63,0.5277349352836609,,
H05_11_07_W_roh.jpeg,4,A06_12_01_W_roh.jpeg,60,0.5510756373405457,,
H05_11_07_W_roh.jpeg,5,A06_15_02_W_roh.jpeg,64,0.5131950378417969,,
H05_11_40_M_roh.jpeg,1,IMG-20250919-WA0009.jpg,92,0.450652927160263,,
H05_11_40_M_roh.jpeg,2,IMG-20250626-WA0020.jpg,69,0.4669581055641174,,
H05_11_40_M_roh.jpeg,3,IMG-20250717-WA0013.jpg,66,0.4410561621189117,,
H05_11_40_M_roh.jpeg,4,H05_10_02_M_roh.jpeg,64,0.4475211501121521,,
H05_11_40_M_roh.jpeg,5,IMG-20250607-WA0007.jpg,58,0.4928435385227203,,
H05_11_41_M_roh.jpeg,1,IMG_20250807_103916.jpg,77,0.4694449603557586,,
H05_11_41_M_roh.jpeg,2,IMG_20250717_104317.jpg,75,0.4794848263263702,,
H05_11_41_M_roh.jpeg,3,IMG_20250717_113844.jpg,71,0.4994368255138397,,
H05_11_41_M_roh.jpeg,4,WhatsApp_Bild_2025-07-31_um_14.06.15_96d8cd99.jpg,58,0.5597796440124512,,
H05_11_41_M_roh.jpeg,5,IMG_20250515_113414.jpg,57,0.5560189485549927,,
H11_20_01_W_roh.jpeg,1,IMG-20250919-WA0009.jpg,86,0.4724886119365692,,
H11_20_01_W_roh.jpeg,2,IMG_20250807_105820.jpg,71,0.5018021464347839,,
H11_20_01_W_roh.jpeg,3,IMG_20250717_104525.jpg,68,0.5077295303344727,,
H11_20_01_W_roh.jpeg,4,IMG-20250626-WA0016.jpg,65,0.4793518781661987,,
H11_20_01_W_roh.jpeg,5,IMG_20250717_113633.jpg,66,0.4715192019939422,,
H11_20_02_W_roh.jpeg,1,IMG_20250717_104317.jpg,78,0.4581639170646667,,
H11_20_02_W_roh.jpeg,2,IMG-20250626-WA0011.jpg,63,0.5263293385505676,,
H11_20_02_W_roh.jpeg,3,IMG-20250626-WA0021.jpg,69,0.4646710455417633,,
H11_20_02_W_roh.jpeg,4,IMG-20250829-WA0024.jpg,69,0.4554954171180725,,
H11_20_02_W_roh.jpeg,5,A08_15_07_W_roh.jpeg,62,0.5002209544181824,,
H12_04_02_M_roh.jpg,1,A07_08_04_M_roh.jpg,81,0.4396733343601227,,
H12_04_02_M_roh.jpg,2,IMG-20250829-WA0017.jpg,46,0.5286352038383484,,
H12_04_02_M_roh.jpg,3,IMG-20250919-WA0008.jpg,53,0.4542834460735321,,
H12_04_02_M_roh.jpg,4,IMG-20250626-WA0015.jpg,50,0.435791552066803,,
H12_04_02_M_roh.jpg,5,A06_12_04_W_roh.jpeg,47,0.4605399370193481,,
H12_06_03_M_roh.jpg,1,H05_10_02_M_roh.jpeg,50,0.502387523651123,,
H12_06_03_M_roh.jpg,2,A08_18_18_W_roh.jpeg,38,0.5219584703445435,,
H12_06_03_M_roh.jpg,3,A08_15_06_W_roh.jpeg,36,0.5363541841506958,,
H12_06_03_M_roh.jpg,4,A08_15_05_M_roh.jpeg,36,0.5215244293212891,,
H12_06_03_M_roh.jpg,5,A04_17_02_W_roh.jpg,37,0.5032839179039001,,
H12_07_01_M_roh.jpeg,1,IMG-20250919-WA0019.jpg,75,0.4380132257938385,,
H12_07_01_M_roh.jpeg,2,IMG_20250807_103916.jpg,60,0.5374943614006042,,
H12_07_01_M_roh.jpeg,3,A07_18_01_W_roh.jpeg,61,0.4962562024593353,,
H12_07_01_M_roh.jpeg,4,IMG-20250829-WA0024.jpg,58,0.4812836050987243,,
H12_07_01_M_roh.jpeg,5,A08_15_07_W_roh.jpeg,48,0.5201296806335449,,
IMG-20250607-WA0003.jpg,1,IMG-20250607-WA0006.jpg,348,0.8820058107376099,,
IMG-20250607-WA0003.jpg,2,A06_15_02_W_roh.jpeg,259,0.8196724653244019,,
IMG-20250607-WA0003.jpg,3,A06_17_02_W__roh.jpg,256,0.8197000026702881,,
IMG-20250607-WA0003.jpg,4,A06_12_01_W_roh.jpeg,226,0.8458395600318909,,
IMG-20250607-WA0003.jpg,5,IMG-20250910-WA0023.jpg,80,0.5276514291763306,,
IMG-20250607-WA0006.jpg,1,IMG-20250607-WA0003.jpg,348,0.8820058107376099,,
IMG-20250607-WA0006.jpg,2,A06_15_02_W_roh.jpeg,257,0.7475529909133911,,
IMG-20250607-WA0006.jpg,3,A06_17_02_W__roh.jpg,233,0.7473397254943848,,
IMG-20250607-WA0006.jpg,4,A06_12_01_W_roh.jpeg,214,0.7784998416900635,,
IMG-20250607-WA0006.jpg,5,IMG-20250829-WA0024.jpg,96,0.4469334483146667,,
IMG-20250607-WA0007.jpg,1,A08_18_23_W_roh.jpeg,84,0.5723279714584351,,
IMG-20250607-WA0007.jpg,2,IMG-20250910-WA0030.jpg,80,0.4977383613586426,,
IMG-20250607-WA0007.jpg,3,IMG-20250910-WA0015.jpg,77,0.5141250491142273,,
IMG-20250607-WA0007.jpg,4,IMG_20250807_105223.jpg,72,0.4788881838321686,,
IMG-20250607-WA0007.jpg,5,IMG_20250717_113633.jpg,77,0.447346419095993,,
IMG-20250620-WA0039.jpg,1,IMG-20250620-WA0042.jpg,266,0.8277765512466431,,
IMG-20250620-WA0039.jpg,2,IMG-20250717-WA0013.jpg,96,0.4450182318687439,,
IMG-20250620-WA0039.jpg,3,A06_17_02_W__roh.jpg,80,0.5197769999504089,,
IMG-20250620-WA0039.jpg,4,IMG-20250716-WA0016.jpg,84,0.4890572726726532,,
IMG-20250620-WA0039.jpg,5,IMG-20250626-WA0021.jpg,82,0.493322879076004,,
IMG-20250620-WA0041.jpg,1,IMG_20250717_111516.jpg,86,0.4709440767765045,,
IMG-20250620-WA0041.jpg,2,IMG-20250626-WA0016.jpg,78,0.4489367604255676,,
IMG-20250620-WA0041.jpg,3,A08_18_05_W_roh.jpeg,73,0.4576143324375152,,
IMG-20250620-WA0041.jpg,4,IMG-20250620-WA0039.jpg,64,0.4922874867916107,,
IMG-20250620-WA0041.jpg,5,A07_09_02_W_roh.jpg,63,0.4903377592563629,,
IMG-20250620-WA0042.jpg,1,IMG-20250620-WA0039.jpg,266,0.8277765512466431,,
IMG-20250620-WA0042.jpg,2,IMG-20250626-WA0020.jpg,93,0.4989023506641388,,
IMG-20250620-WA0042.jpg,3,IMG_20250717_111516.jpg,95,0.4358981251716614,,
IMG-20250620-WA0042.jpg,4,IMG_20250717_113844.jpg,94,0.431449830532074,,
IMG-20250620-WA0042.jpg,5,A06_03_02_W_roh.jpeg,67,0.598624587059021,,
IMG-20250626-WA0002.jpg,1,IMG-20250626-WA0004.jpg,311,0.8866510391235352,,
IMG-20250626-WA0002.jpg,2,IMG-20250717-WA0013.jpg,81,0.5168562531471252,,
IMG-20250626-WA0002.jpg,3,IMG_20250717_104525.jpg,88,0.4690244197845459,,
IMG-20250626-WA0002.jpg,4,IMG-20250910-WA0017.jpg,81,0.5075426697731018,,
IMG-20250626-WA0002.jpg,5,IMG-20250626-WA0020.jpg,88,0.4523415267467499,,
IMG-20250626-WA0003.jpg,1,H01_17_02_M_roh.jpeg,91,0.497188538312912,,
IMG-20250626-WA0003.jpg,2,IMG-20250717-WA0009.jpg,81,0.5578646659851074,,
IMG-20250626-WA0003.jpg,3,WhatsApp_Bild_2025-09-26_um_10.50.58_1a5f4434.jpg,97,0.4487565755844116,,
IMG-20250626-WA0003.jpg,4,IMG_20250515_114220.jpg,86,0.4903507530689239,,
IMG-20250626-WA0003.jpg,5,IMG-20250829-WA0017.jpg,92,0.4503565430641174,,
IMG-20250626-WA0004.jpg,1,IMG-20250626-WA0002.jpg,311,0.8866510391235352,,
IMG-20250626-WA0004.jpg,2,IMG_20250717_104525.jpg,91,0.4713316857814789,,
IMG-20250626-WA0004.jpg,3,IMG-20250626-WA0025.jpg,96,0.4380780458450317,,
IMG-20250626-WA0004.jpg,4,IMG-20250910-WA0017.jpg,81,0.4820038676261902,,
IMG-20250626-WA0004.jpg,5,IMG-20250717-WA0013.jpg,79,0.4588654041290283,,
IMG-20250626-WA0006.jpg,1,IMG-20250626-WA0015.jpg,57,0.5011469721794128,,
IMG-20250626-WA0006.jpg,2,IMG-20250910-WA0027.jpg,50,0.4977910816669464,,
IMG-20250626-WA0006.jpg,3,A07_08_04_M_roh.jpg,57,0.4258995056152344,,
IMG-20250626-WA0006.jpg,4,A06_15_03_W_roh.jpeg,43,0.5282009243965149,,
IMG-20250626-WA0006.jpg,5,IMG-20250726-WA0007.jpg,41,0.5198084712028503,,
IMG-20250626-WA0007.jpg,1,IMG_20250717_104525.jpg,88,0.478657990694046,,
IMG-20250626-WA0007.jpg,2,IMG_20250717_105046.jpg,86,0.4333885610103607,,
IMG-20250626-WA0007.jpg,3,IMG_20250515_113414.jpg,76,0.4491733908653259,,
IMG-20250626-WA0007.jpg,4,IMG_20250717_112327.jpg,66,0.509874165058136,,
IMG-20250626-WA0007.jpg,5,IMG-20250626-WA0020.jpg,74,0.4437381625175476,,
IMG-20250626-WA0009.jpg,1,IMG-20250626-WA0011.jpg,343,0.909795582294464,,
IMG-20250626-WA0009.jpg,2,IMG_20250717_104317.jpg,106,0.4370356798171997,,
IMG-20250626-WA0009.jpg,3,A07_09_02_W_roh.jpg,89,0.4677689969539642,,
IMG-20250626-WA0009.jpg,4,IMG_20250717_111516.jpg,91,0.4531121551990509,,
IMG-20250626-WA0009.jpg,5,IMG_20250717_113844.jpg,93,0.4418838620185852,,
IMG-20250626-WA0011.jpg,1,IMG-20250626-WA0009.jpg,343,0.909795582294464,,
IMG-20250626-WA0011.jpg,2,IMG_20250717_104317.jpg,89,0.4927643239498138,,
IMG-20250626-WA0011.jpg,3,IMG-20250626-WA0016.jpg,95,0.4525391757488251,,
IMG-20250626-WA0011.jpg,4,IMG-20250919-WA0009.jpg,99,0.4237358272075653,,
IMG-20250626-WA0011.jpg,5,IMG_20250717_104525.jpg,92,0.4333527684211731,,
IMG-20250626-WA0013.jpg,1,IMG_20250807_110659.jpg,237,0.7004038095474243,,
IMG-20250626-WA0013.jpg,2,IMG-20250626-WA0025.jpg,86,0.5010247230529785,,
IMG-20250626-WA0013.jpg,3,IMG-20250919-WA0012.jpg,98,0.4315066039562225,,
IMG-20250626-WA0013.jpg,4,IMG_20250717_111215.jpg,91,0.4570575952529907,,
IMG-20250626-WA0013.jpg,5,A06_03_02_W_roh.jpeg,76,0.4676987528800964,,
IMG-20250626-WA0014.jpg,1,IMG_20250717_104652.jpg,332,0.7851410508155823,,
IMG-20250626-WA0014.jpg,2,IMG-20250626-WA0015.jpg,302,0.7614430785179138,,
IMG-20250626-WA0014.jpg,3,A06_12_04_W_roh.jpeg,199,0.8160523176193237,,
IMG-20250626-WA0014.jpg,4,IMG_20250717_113633.jpg,106,0.4713315367698669,,
IMG-20250626-WA0014.jpg,5,IMG-20250626-WA0025.jpg,99,0.4360289871692657,,
IMG-20250626-WA0015.jpg,1,IMG_20250717_104652.jpg,326,0.8010608553886414,,
IMG-20250626-WA0015.jpg,2,IMG-20250626-WA0014.jpg,302,0.7614430785179138,,
IMG-20250626-WA0015.jpg,3,A06_12_04_W_roh.jpeg,197,0.8741626143455505,,
IMG-20250626-WA0015.jpg,4,IMG_20250501_132350.jpg,104,0.4629603326320648,,
IMG-20250626-WA0015.jpg,5,IMG-20250717-WA0009.jpg,98,0.4444859325885772,,
IMG-20250626-WA0016.jpg,1,IMG-20250626-WA0020.jpg,413,0.9099169969558716,,
IMG-20250626-WA0016.jpg,2,IMG-20250717-WA0013.jpg,111,0.4369665086269378,,
IMG-20250626-WA0016.jpg,3,IMG-20250919-WA0021.jpg,107,0.4426561295986175,,
IMG-20250626-WA0016.jpg,4,A06_14_02_W_roh.jpg,96,0.4748580455780029,,
IMG-20250626-WA0016.jpg,5,IMG-20250919-WA0016.jpg,100,0.4549837410449981,,
IMG-20250626-WA0020.jpg,1,IMG-20250626-WA0016.jpg,413,0.9099169969558716,,
IMG-20250626-WA0020.jpg,2,A06_18_04_W_roh.jpeg,82,0.6562340259552002,,
IMG-20250626-WA0020.jpg,3,A06_14_02_W_roh.jpg,99,0.4855763614177704,,
IMG-20250626-WA0020.jpg,4,IMG-20250829-WA0022.jpg,97,0.4864881038665771,,
IMG-20250626-WA0020.jpg,5,IMG-20250620-WA0042.jpg,93,0.4989023506641388,,
IMG-20250626-WA0021.jpg,1,IMG-20250620-WA0039.jpg,82,0.493322879076004,,
IMG-20250626-WA0021.jpg,2,IMG_20250717_112327.jpg,85,0.4723640084266662,,
IMG-20250626-WA0021.jpg,3,IMG_20250717_104525.jpg,88,0.4490575790405273,,
IMG-20250626-WA0021.jpg,4,IMG_20250807_104825.jpg,82,0.4772197306156158,,
IMG-20250626-WA0021.jpg,5,IMG_20250717_113633.jpg,75,0.5074656009674072,,
IMG-20250626-WA0022.jpg,1,IMG-20250829-WA0024.jpg,91,0.4264988303184509,,
IMG-20250626-WA0022.jpg,2,IMG_20250717_113633.jpg,82,0.4539271891117096,,
IMG-20250626-WA0022.jpg,3,A07_09_02_W_roh.jpg,84,0.4390341937541961,,
IMG-20250626-WA0022.jpg,4,IMG-20250919-WA0021.jpg,84,0.437050461769104,,
IMG-20250626-WA0022.jpg,5,IMG_20250717_104525.jpg,83,0.4170022010803222,,
IMG-20250626-WA0024.jpg,1,IMG-20250626-WA0025.jpg,260,0.7382822036743164,,
IMG-20250626-WA0024.jpg,2,IMG_20250807_104159.jpg,173,0.7169777750968933,,
IMG-20250626-WA0024.jpg,3,A08_15_04_M_roh.jpeg,127,0.7103946805000305,,
IMG-20250626-WA0024.jpg,4,IMG-20250919-WA0009.jpg,96,0.4641425013542175,,
IMG-20250626-WA0024.jpg,5,IMG-20250910-WA0064.jpg,80,0.5335664749145508,,
IMG-20250626-WA0025.jpg,1,IMG-20250626-WA0024.jpg,260,0.7382822036743164,,
IMG-20250626-WA0025.jpg,2,IMG_20250807_104159.jpg,177,0.6969684958457947,,
IMG-20250626-WA0025.jpg,3,A08_15_04_M_roh.jpeg,150,0.762109100818634,,
IMG-20250626-WA0025.jpg,4,IMG-20250919-WA0012.jpg,110,0.4669069051742553,,
IMG-20250626-WA0025.jpg,5,IMG_20250501_132115.jpg,88,0.5193238854408264,,
IMG-20250716-WA0006.jpg,1,A06_17_02_W__roh.jpg,95,0.5009704232215881,,
IMG-20250716-WA0006.jpg,2,IMG_20250717_104317.jpg,96,0.4581834673881531,,
IMG-20250716-WA0006.jpg,3,IMG-20250717-WA0012.jpg,83,0.4629406929016113,,
IMG-20250716-WA0006.jpg,4,WhatsApp_Bild_2025-09-19_um_12.14.03_02becc24.jpg,77,0.4948093891143799,,
IMG-20250716-WA0006.jpg,5,IMG-20250716-WA0016.jpg,79,0.4450538456439972,,
IMG-20250716-WA0011.jpg,1,IMG-20250626-WA0021.jpg,79,0.455574631690979,,
IMG-20250716-WA0011.jpg,2,IMG_20250717_112327.jpg,77,0.4479506313800812,,
IMG-20250716-WA0011.jpg,3,IMG-20250626-WA0004.jpg,71,0.4846971333026886,,
IMG-20250716-WA0011.jpg,4,IMG_20250807_105820.jpg,67,0.5111645460128784,,
IMG-20250716-WA0011.jpg,5,A05_18_07_W_roh.jpeg,70,0.4665939807891845,,
IMG-20250716-WA0016.jpg,1,A08_18_10_W_roh.jpeg,86,0.506406307220459,,
IMG-20250716-WA0016.jpg,2,IMG-20250717-WA0011.jpg,86,0.5038490891456604,,
IMG-20250716-WA0016.jpg,3,IMG-20250620-WA0039.jpg,84,0.4890572726726532,,
IMG-20250716-WA0016.jpg,4,IMG_20250807_103916.jpg,82,0.4993424713611603,,
IMG-20250716-WA0016.jpg,5,IMG-20250726-WA0007.jpg,84,0.4546412527561188,,
IMG-20250716-WA0022.jpg,1,IMG_20250717_104525.jpg,98,0.5002400875091553,,
IMG-20250716-WA0022.jpg,2,IMG-20250910-WA0029.jpg,85,0.4502622783184051,,
IMG-20250716-WA0022.jpg,3,IMG-20250910-WA0015.jpg,81,0.468140035867691,,
IMG-20250716-WA0022.jpg,4,IMG-20250919-WA0009.jpg,80,0.4411911964416504,,
IMG-20250716-WA0022.jpg,5,IMG-20250626-WA0003.jpg,75,0.4462398290634155,,
IMG-20250717-WA0009.jpg,1,IMG_20250717_104652.jpg,103,0.4675511419773102,,
IMG-20250717-WA0009.jpg,2,IMG-20250626-WA0003.jpg,81,0.5578646659851074,,
IMG-20250717-WA0009.jpg,3,IMG-20250626-WA0015.jpg,98,0.4444859325885772,,
IMG-20250717-WA0009.jpg,4,IMG_20250717_104317.jpg,99,0.4163129031658172,,
IMG-20250717-WA0009.jpg,5,IMG-20250626-WA0014.jpg,85,0.4738295376300812,,
IMG-20250717-WA0011.jpg,1,IMG-20250829-WA0017.jpg,85,0.5763985514640808,,
IMG-20250717-WA0011.jpg,2,IMG-20250910-WA0017.jpg,95,0.5043156743049622,,
IMG-20250717-WA0011.jpg,3,IMG-20250716-WA0016.jpg,86,0.5038490891456604,,
IMG-20250717-WA0011.jpg,4,IMG-20250919-WA0012.jpg,93,0.4613870978355407,,
IMG-20250717-WA0011.jpg,5,IMG_20250501_132350.jpg,93,0.4605041146278381,,
IMG-20250717-WA0012.jpg,1,A06_17_02_W__roh.jpg,93,0.4635252654552459,,
IMG-20250717-WA0012.jpg,2,IMG_20250717_123430.jpg,90,0.4632990658283233,,
IMG-20250717-WA0012.jpg,3,IMG_20250717_111516.jpg,87,0.4692820310592651,,
IMG-20250717-WA0012.jpg,4,IMG_20250717_104525.jpg,90,0.4385260343551636,,
IMG-20250717-WA0012.jpg,5,IMG-20250919-WA0012.jpg,95,0.4129067361354828,,
IMG-20250717-WA0013.jpg,1,IMG_20250501_132350.jpg,112,0.4901319444179535,,
IMG-20250717-WA0013.jpg,2,IMG-20250919-WA0009.jpg,96,0.5078759789466858,,
IMG-20250717-WA0013.jpg,3,IMG-20250626-WA0016.jpg,111,0.4369665086269378,,
IMG-20250717-WA0013.jpg,4,IMG_20250515_114220.jpg,95,0.4814724922180176,,
IMG-20250717-WA0013.jpg,5,IMG-20250910-WA0016.jpg,88,0.5185337066650391,,
IMG-20250717-WA0017.jpg,1,IMG-20250829-WA0013.jpg,267,0.7201149463653564,,
IMG-20250717-WA0017.jpg,2,IMG_20250717_113633.jpg,83,0.4655511379241943,,
IMG-20250717-WA0017.jpg,3,IMG_20250515_113414.jpg,75,0.4918964803218841,,
IMG-20250717-WA0017.jpg,4,IMG-20250626-WA0025.jpg,73,0.4912647604942322,,
IMG-20250717-WA0017.jpg,5,IMG-20250919-WA0009.jpg,77,0.4642507433891296,,
IMG-20250726-WA0007.jpg,1,IMG-20250726-WA0009.jpg,399,0.9068176746368408,,
IMG-20250726-WA0007.jpg,2,IMG-20250910-WA0030.jpg,91,0.4348442256450653,,
IMG-20250726-WA0007.jpg,3,IMG-20250716-WA0016.jpg,84,0.4546412527561188,,
IMG-20250726-WA0007.jpg,4,IMG-20250910-WA0016.jpg,77,0.4803417325019836,,
IMG-20250726-WA0007.jpg,5,A05_15_03_W_roh.jpeg,62,0.5515603423118591,,
IMG-20250726-WA0009.jpg,1,IMG-20250726-WA0007.jpg,399,0.9068176746368408,,
IMG-20250726-WA0009.jpg,2,IMG-20250717-WA0013.jpg,93,0.4444675147533417,,
IMG-20250726-WA0009.jpg,3,IMG-20250716-WA0016.jpg,72,0.4978439509868622,,
IMG-20250726-WA0009.jpg,4,IMG_20250807_104159.jpg,69,0.5075241923332214,,
IMG-20250726-WA0009.jpg,5,IMG-20250626-WA0025.jpg,69,0.49569171667099,,
IMG-20250726-WA0011.jpg,1,IMG-20250726-WA0012.jpg,222,0.7095085978507996,,
IMG-20250726-WA0011.jpg,2,IMG-20250607-WA0006.jpg,78,0.4845703244209289,,
IMG-20250726-WA0011.jpg,3,IMG-20250607-WA0003.jpg,79,0.4593412280082702,,
IMG-20250726-WA0011.jpg,4,IMG-20250626-WA0021.jpg,73,0.4822459816932678,,
IMG-20250726-WA0011.jpg,5,IMG-20250626-WA0020.jpg,74,0.4671326875686645,,
IMG-20250726-WA0012.jpg,1,IMG-20250726-WA0011.jpg,222,0.7095085978507996,,
IMG-20250726-WA0012.jpg,2,IMG-20250717-WA0013.jpg,89,0.4186539947986603,,
IMG-20250726-WA0012.jpg,3,IMG_20250717_111215.jpg,79,0.4423418343067169,,
IMG-20250726-WA0012.jpg,4,A06_12_01_W_roh.jpeg,73,0.4761520624160766,,
IMG-20250726-WA0012.jpg,5,IMG_20250717_113633.jpg,77,0.4337618947029114,,
IMG-20250829-WA0013.jpg,1,IMG-20250717-WA0017.jpg,267,0.7201149463653564,,
IMG-20250829-WA0013.jpg,2,IMG_20250717_123656.jpg,94,0.4300933182239532,,
IMG-20250829-WA0013.jpg,3,IMG-20250919-WA0009.jpg,81,0.4467748403549194,,
IMG-20250829-WA0013.jpg,4,IMG-20250626-WA0024.jpg,74,0.4744793772697449,,
IMG-20250829-WA0013.jpg,5,IMG_20250515_113414.jpg,73,0.4680578708648681,,
IMG-20250829-WA0015.jpg,1,IMG-20250910-WA0016.jpg,186,0.7776756882667542,,
IMG-20250829-WA0015.jpg,2,IMG_20250807_103916.jpg,68,0.4919919967651367,,
IMG-20250829-WA0015.jpg,3,IMG_20250717_110833.jpg,65,0.4540137052536011,,
IMG-20250829-WA0015.jpg,4,IMG_20250807_104343.jpg,60,0.4775967895984649,,
IMG-20250829-WA0015.jpg,5,IMG-20250726-WA0007.jpg,58,0.4891704022884369,,
IMG-20250829-WA0017.jpg,1,IMG-20250910-WA0018.jpg,221,0.8560343980789185,,
IMG-20250829-WA0017.jpg,2,IMG-20250717-WA0011.jpg,85,0.5763985514640808,,
IMG-20250829-WA0017.jpg,3,IMG-20250626-WA0003.jpg,92,0.4503565430641174,,
IMG-20250829-WA0017.jpg,4,IMG-20250910-WA0027.jpg,73,0.5219511389732361,,
IMG-20250829-WA0017.jpg,5,IMG-20250919-WA0009.jpg,91,0.412779688835144,,
IMG-20250829-WA0018.jpg,1,A06_17_04_W_roh.jpg,74,0.51677405834198,,
IMG-20250829-WA0018.jpg,2,WhatsApp_Bild_2025-09-26_um_10.50.58_1a5f4434.jpg,81,0.436094582080841,,
IMG-20250829-WA0018.jpg,3,A08_18_20_W_roh.jpeg,62,0.5433300137519836,,
IMG-20250829-WA0018.jpg,4,A08_06_08_W_roh.jpeg,67,0.4984244704246521,,
IMG-20250829-WA0018.jpg,5,IMG-20250910-WA0017.jpg,60,0.4985363483428955,,
IMG-20250829-WA0019.jpg,1,IMG-20250626-WA0020.jpg,89,0.5090270042419434,,
IMG-20250829-WA0019.jpg,2,IMG_20250807_104825.jpg,74,0.4902593791484833,,
IMG-20250829-WA0019.jpg,3,IMG-20250626-WA0016.jpg,76,0.4737061560153961,,
IMG-20250829-WA0019.jpg,4,A05_18_08_W_roh.jpeg,73,0.4625146985054016,,
IMG-20250829-WA0019.jpg,5,IMG-20250829-WA0017.jpg,70,0.4808119237422943,,
IMG-20250829-WA0020.jpg,1,IMG-20250910-WA0015.jpg,167,0.8243468999862671,,
IMG-20250829-WA0020.jpg,2,IMG_20250501_132350.jpg,86,0.4557016789913177,,
IMG-20250829-WA0020.jpg,3,IMG-20250607-WA0003.jpg,74,0.5111732482910156,,
IMG-20250829-WA0020.jpg,4,A07_09_02_W_roh.jpg,69,0.534669816493988,,
IMG-20250829-WA0020.jpg,5,IMG-20250607-WA0006.jpg,71,0.5162882208824158,,
IMG-20250829-WA0022.jpg,1,IMG-20250626-WA0020.jpg,97,0.4864881038665771,,
IMG-20250829-WA0022.jpg,2,IMG_20250717_104525.jpg,93,0.4744735658168793,,
IMG-20250829-WA0022.jpg,3,IMG-20250626-WA0025.jpg,90,0.4374952614307403,,
IMG-20250829-WA0022.jpg,4,A08_15_05_M_roh.jpeg,83,0.4548974931240082,,
IMG-20250829-WA0022.jpg,5,WhatsApp_Bild_2025-09-19_um_12.14.03_02becc24.jpg,74,0.5070265531539917,,
IMG-20250829-WA0024.jpg,1,IMG-20250607-WA0006.jpg,96,0.4469334483146667,,
IMG-20250829-WA0024.jpg,2,IMG-20250919-WA0016.jpg,97,0.4311816692352295,,
IMG-20250829-WA0024.jpg,3,IMG-20250717-WA0013.jpg,77,0.529394268989563,,
IMG-20250829-WA0024.jpg,4,IMG-20250919-WA0009.jpg,102,0.3947734236717224,,
IMG-20250829-WA0024.jpg,5,IMG-20250626-WA0022.jpg,91,0.4264988303184509,,
IMG-20250910-WA0014.jpg,1,IMG-20250910-WA0025.jpg,269,0.8745672106742859,,
IMG-20250910-WA0014.jpg,2,IMG-20250919-WA0016.jpg,76,0.5025307536125183,,
IMG-20250910-WA0014.jpg,3,IMG-20250919-WA0020.jpg,68,0.4693571329116821,,
IMG-20250910-WA0014.jpg,4,IMG-20250919-WA0012.jpg,75,0.4211056530475616,,
IMG-20250910-WA0014.jpg,5,IMG-20250717-WA0013.jpg,76,0.413619190454483,,
IMG-20250910-WA0015.jpg,1,IMG-20250829-WA0020.jpg,167,0.8243468999862671,,
IMG-20250910-WA0015.jpg,2,IMG-20250607-WA0007.jpg,77,0.5141250491142273,,
IMG-20250910-WA0015.jpg,3,IMG-20250716-WA0022.jpg,81,0.468140035867691,,
IMG-20250910-WA0015.jpg,4,IMG_20250807_110659.jpg,76,0.4741793274879455,,
IMG-20250910-WA0015.jpg,5,IMG-20250910-WA0030.jpg,80,0.442275732755661,,
IMG-20250910-WA0016.jpg,1,IMG-20250829-WA0015.jpg,186,0.7776756882667542,,
IMG-20250910-WA0016.jpg,2,IMG-20250717-WA0013.jpg,88,0.5185337066650391,,
IMG-20250910-WA0016.jpg,3,IMG-20250919-WA0020.jpg,88,0.4687478840351105,,
IMG-20250910-WA0016.jpg,4,IMG-20250626-WA0015.jpg,77,0.5252770185470581,,
IMG-20250910-WA0016.jpg,5,IMG_20250717_113844.jpg,75,0.5327232480049133,,
IMG-20250910-WA0017.jpg,1,IMG_20250515_121011.jpg,226,0.7117356657981873,,
IMG-20250910-WA0017.jpg,2,IMG-20250717-WA0011.jpg,95,0.5043156743049622,,
IMG-20250910-WA0017.jpg,3,IMG-20250626-WA0002.jpg,81,0.5075426697731018,,
IMG-20250910-WA0017.jpg,4,IMG-20250626-WA0004.jpg,81,0.4820038676261902,,
IMG-20250910-WA0017.jpg,5,IMG-20250626-WA0020.jpg,86,0.4537091255187988,,
IMG-20250910-WA0018.jpg,1,IMG-20250829-WA0017.jpg,221,0.8560343980789185,,
IMG-20250910-WA0018.jpg,2,IMG-20250626-WA0014.jpg,80,0.5157955288887024,,
IMG-20250910-WA0018.jpg,3,IMG-20250910-WA0025.jpg,74,0.5182512402534485,,
IMG-20250910-WA0018.jpg,4,IMG-20250910-WA0023.jpg,82,0.4444890320301056,,
IMG-20250910-WA0018.jpg,5,IMG-20250829-WA0024.jpg,70,0.5174320936203003,,
IMG-20250910-WA0022.jpg,1,IMG-20250910-WA0029.jpg,364,0.9191038012504578,,
IMG-20250910-WA0022.jpg,2,IMG-20250919-WA0009.jpg,299,0.8855083584785461,,
IMG-20250910-WA0022.jpg,3,IMG_20250717_123430.jpg,265,0.8244428038597107,,
IMG-20250910-WA0022.jpg,4,IMG_20250807_103916.jpg,90,0.488686054944992,,
IMG-20250910-WA0022.jpg,5,IMG_20250717_104525.jpg,96,0.4413504302501678,,
IMG-20250910-WA0023.jpg,1,IMG-20250607-WA0003.jpg,80,0.5276514291763306,,
IMG-20250910-WA0023.jpg,2,A06_14_02_W_roh.jpg,76,0.5284366607666016,,
IMG-20250910-WA0023.jpg,3,IMG-20250910-WA0018.jpg,82,0.4444890320301056,,
IMG-20250910-WA0023.jpg,4,IMG-20250626-WA0003.jpg,84,0.4212321937084198,,
IMG-20250910-WA0023.jpg,5,IMG-20250607-WA0006.jpg,74,0.4772578179836273,,
IMG-20250910-WA0025.jpg,1,IMG-20250910-WA0014.jpg,269,0.8745672106742859,,
IMG-20250910-WA0025.jpg,2,IMG-20250919-WA0012.jpg,88,0.4738827347755432,,
IMG-20250910-WA0025.jpg,3,IMG_20250717_104525.jpg,83,0.4672137200832367,,
IMG-20250910-WA0025.jpg,4,IMG-20250910-WA0018.jpg,74,0.5182512402534485,,
IMG-20250910-WA0025.jpg,5,IMG-20250717-WA0013.jpg,83,0.4306684136390686,,
IMG-20250910-WA0027.jpg,1,IMG-20250910-WA0030.jpg,377,0.9247138500213624,,
IMG-20250910-WA0027.jpg,2,A04_15_05_W_roh.jpeg,176,0.8529021143913269,,
IMG-20250910-WA0027.jpg,3,A05_18_06_W_roh.jpeg,186,0.7734516263008118,,
IMG-20250910-WA0027.jpg,4,A05_12_03_W_roh.jpeg,177,0.7798566818237305,,
IMG-20250910-WA0027.jpg,5,IMG_20250717_113844.jpg,100,0.5183042883872986,,
IMG-20250910-WA0029.jpg,1,IMG-20250910-WA0022.jpg,364,0.9191038012504578,,
IMG-20250910-WA0029.jpg,2,IMG-20250919-WA0009.jpg,284,0.8578916788101196,,
IMG-20250910-WA0029.jpg,3,IMG_20250717_123430.jpg,245,0.782118558883667,,
IMG-20250910-WA0029.jpg,4,IMG-20250607-WA0003.jpg,86,0.4893171489238739,,
IMG-20250910-WA0029.jpg,5,IMG_20250717_104317.jpg,97,0.4200240969657898,,
IMG-20250910-WA0030.jpg,1,IMG-20250910-WA0027.jpg,377,0.9247138500213624,,
IMG-20250910-WA0030.jpg,2,A05_18_06_W_roh.jpeg,190,0.7886964678764343,,
IMG-20250910-WA0030.jpg,3,A04_15_05_W_roh.jpeg,186,0.7883689403533936,,
IMG-20250910-WA0030.jpg,4,A05_12_03_W_roh.jpeg,183,0.7855364680290222,,
IMG-20250910-WA0030.jpg,5,A06_17_02_W__roh.jpg,112,0.4575725197792053,,
IMG-20250910-WA0061.jpg,1,A08_18_10_W_roh.jpeg,207,0.8391679525375366,,
IMG-20250910-WA0061.jpg,2,A08_12_15_W_roh.jpeg,152,0.7849884033203125,,
IMG-20250910-WA0061.jpg,3,IMG_20250717_112327.jpg,87,0.4240646362304687,,
IMG-20250910-WA0061.jpg,4,IMG_20250717_113844.jpg,81,0.4536038041114807,,
IMG-20250910-WA0061.jpg,5,IMG-20250626-WA0020.jpg,77,0.4591996967792511,,
IMG-20250910-WA0062.jpg,1,IMG_20250717_111215.jpg,247,0.7266873121261597,,
IMG-20250910-WA0062.jpg,2,A08_15_05_M_roh.jpeg,160,0.852013885974884,,
IMG-20250910-WA0062.jpg,3,IMG_20250717_113633.jpg,100,0.5103282332420349,,
IMG-20250910-WA0062.jpg,4,IMG-20250919-WA0009.jpg,101,0.4704234600067138,,
IMG-20250910-WA0062.jpg,5,IMG_20250501_132350.jpg,92,0.4825806617736816,,
IMG-20250910-WA0063.jpg,1,A08_06_05_SA_roh.jpeg,135,0.6975815892219543,,
IMG-20250910-WA0063.jpg,2,A08_09_35_W_roh.jpg,76,0.5415870547294617,,
IMG-20250910-WA0063.jpg,3,IMG-20250919-WA0009.jpg,82,0.4376329481601715,,
IMG-20250910-WA0063.jpg,4,A04_15_05_W_roh.jpeg,75,0.4775768220424652,,
IMG-20250910-WA0063.jpg,5,IMG-20250626-WA0016.jpg,81,0.4367099702358246,,
IMG-20250910-WA0064.jpg,1,IMG_20250717_110833.jpg,224,0.7996941208839417,,
IMG-20250910-WA0064.jpg,2,A08_15_21_M_roh.jpeg,117,0.6299035549163818,,
IMG-20250910-WA0064.jpg,3,IMG_20250717_104525.jpg,89,0.5029252171516418,,
IMG-20250910-WA0064.jpg,4,IMG-20250626-WA0024.jpg,80,0.5335664749145508,,
IMG-20250910-WA0064.jpg,5,IMG-20250717-WA0013.jpg,73,0.5166414976119995,,
IMG-20250919-WA0008.jpg,1,IMG-20250829-WA0024.jpg,77,0.451499342918396,,
IMG-20250919-WA0008.jpg,2,IMG-20250910-WA0018.jpg,58,0.4943296611309051,,
IMG-20250919-WA0008.jpg,3,IMG-20250829-WA0013.jpg,62,0.4400320947170257,,
IMG-20250919-WA0008.jpg,4,A07_08_04_M_roh.jpg,61,0.4258575737476349,,
IMG-20250919-WA0008.jpg,5,IMG-20250829-WA0019.jpg,57,0.4379015564918518,,
IMG-20250919-WA0009.jpg,1,IMG-20250910-WA0022.jpg,299,0.8855083584785461,,
IMG-20250919-WA0009.jpg,2,IMG-20250910-WA0029.jpg,284,0.8578916788101196,,
IMG-20250919-WA0009.jpg,3,IMG_20250717_123430.jpg,269,0.7233478426933289,,
IMG-20250919-WA0009.jpg,4,IMG_20250717_104525.jpg,108,0.4540838301181793,,
IMG-20250919-WA0009.jpg,5,IMG-20250717-WA0013.jpg,96,0.5078759789466858,,
IMG-20250919-WA0011.jpg,1,IMG-20250919-WA0014.jpg,291,0.7302924990653992,,
IMG-20250919-WA0011.jpg,2,IMG_20250717_111635.jpg,212,0.6375017166137695,,
IMG-20250919-WA0011.jpg,3,IMG_20250717_113633.jpg,87,0.4530219435691833,,
IMG-20250919-WA0011.jpg,4,A06_17_04_W_roh.jpg,81,0.4619017243385315,,
IMG-20250919-WA0011.jpg,5,IMG_20250717_113156.jpg,78,0.4527799189090729,,
IMG-20250919-WA0012.jpg,1,A05_18_07_W_roh.jpeg,249,0.8367868065834045,,
IMG-20250919-WA0012.jpg,2,A04_03_01_W_roh.jpeg,174,0.7631900906562805,,
IMG-20250919-WA0012.jpg,3,IMG-20250626-WA0025.jpg,110,0.4669069051742553,,
IMG-20250919-WA0012.jpg,4,IMG-20250717-WA0011.jpg,93,0.4613870978355407,,
IMG-20250919-WA0012.jpg,5,IMG-20250626-WA0013.jpg,98,0.4315066039562225,,
IMG-20250919-WA0014.jpg,1,IMG-20250919-WA0011.jpg,291,0.7302924990653992,,
IMG-20250919-WA0014.jpg,2,IMG_20250717_111635.jpg,201,0.6710505485534668,,
IMG-20250919-WA0014.jpg,3,IMG_20250717_104317.jpg,92,0.3996902108192444,,
IMG-20250919-WA0014.jpg,4,IMG-20250716-WA0016.jpg,79,0.4531556367874145,,
IMG-20250919-WA0014.jpg,5,A07_09_02_W_roh.jpg,78,0.4417118728160858,,
IMG-20250919-WA0015.jpg,1,IMG-20250626-WA0006.jpg,46,0.4325832426548004,,
IMG-20250919-WA0015.jpg,2,H12_04_02_M_roh.jpg,50,0.3543216586112976,,
IMG-20250919-WA0015.jpg,3,IMG_20250807_103916.jpg,33,0.528069019317627,,
IMG-20250919-WA0015.jpg,4,AT01_03_04_M_roh.jpeg,34,0.4858368039131164,,
IMG-20250919-WA0015.jpg,5,H01_17_02_M_roh.jpeg,36,0.4563994407653808,,
IMG-20250919-WA0016.jpg,1,IMG_20250717_104525.jpg,104,0.4863838255405426,,
IMG-20250919-WA0016.jpg,2,IMG-20250626-WA0016.jpg,100,0.4549837410449981,,
IMG-20250919-WA0016.jpg,3,A04_15_05_W_roh.jpeg,90,0.5011139512062073,,
IMG-20250919-WA0016.jpg,4,IMG-20250829-WA0024.jpg,97,0.4311816692352295,,
IMG-20250919-WA0016.jpg,5,A08_15_19_M_roh.jpeg,77,0.5267069935798645,,
IMG-20250919-WA0019.jpg,1,IMG-20250919-WA0020.jpg,511,0.9253358244895936,,
IMG-20250919-WA0019.jpg,2,IMG-20250910-WA0030.jpg,90,0.4508911669254303,,
IMG-20250919-WA0019.jpg,3,A08_18_05_W_roh.jpeg,80,0.4946014583110809,,
IMG-20250919-WA0019.jpg,4,IMG_20250717_111215.jpg,80,0.4792050421237945,,
IMG-20250919-WA0019.jpg,5,IMG-20250717-WA0011.jpg,78,0.4896148443222046,,
IMG-20250919-WA0020.jpg,1,IMG-20250919-WA0019.jpg,511,0.9253358244895936,,
IMG-20250919-WA0020.jpg,2,IMG_20250717_111215.jpg,105,0.5018559098243713,,
IMG-20250919-WA0020.jpg,3,IMG_20250807_103916.jpg,93,0.4790538549423218,,
IMG-20250919-WA0020.jpg,4,A07_09_02_W_roh.jpg,92,0.4638367593288421,,
IMG-20250919-WA0020.jpg,5,IMG-20250717-WA0013.jpg,99,0.4292837977409363,,
IMG-20250919-WA0021.jpg,1,A08_18_21_M_roh.jpeg,214,0.8007901310920715,,
IMG-20250919-WA0021.jpg,2,IMG-20250626-WA0016.jpg,107,0.4426561295986175,,
IMG-20250919-WA0021.jpg,3,IMG_20250807_104825.jpg,92,0.4894473254680633,,
IMG-20250919-WA0021.jpg,4,A06_17_02_W__roh.jpg,92,0.4820911288261413,,
IMG-20250919-WA0021.jpg,5,IMG_20250717_123656.jpg,92,0.4681565761566162,,
IMG_20250501_132115.jpg,1,IMG-20250626-WA0025.jpg,88,0.5193238854408264,,
IMG_20250501_132115.jpg,2,IMG_20250501_133055.jpg,75,0.5230262279510498,,
IMG_20250501_132115.jpg,3,A07_09_03_W_roh.jpg,88,0.4329744875431061,,
IMG_20250501_132115.jpg,4,A05_21_01_W_roh.jpeg,81,0.4502987265586853,,
IMG_20250501_132115.jpg,5,IMG_20250717_113156.jpg,81,0.4433291554450989,,
IMG_20250501_132350.jpg,1,IMG-20250717-WA0013.jpg,112,0.4901319444179535,,
IMG_20250501_132350.jpg,2,IMG-20250626-WA0015.jpg,104,0.4629603326320648,,
IMG_20250501_132350.jpg,3,A08_18_21_M_roh.jpeg,82,0.553974986076355,,
IMG_20250501_132350.jpg,4,IMG-20250626-WA0016.jpg,100,0.4467464983463287,,
IMG_20250501_132350.jpg,5,IMG-20250910-WA0062.jpg,92,0.4825806617736816,,
IMG_20250501_133055.jpg,1,A08_18_04_W_roh.jpeg,137,0.6558980345726013,,
IMG_20250501_133055.jpg,2,WhatsApp_Bild_2025-09-19_um_12.14.03_02becc24.jpg,86,0.4662392139434814,,
IMG_20250501_133055.jpg,3,IMG_20250501_132115.jpg,75,0.5230262279510498,,
IMG_20250501_133055.jpg,4,IMG-20250919-WA0009.jpg,84,0.4513651132583618,,
IMG_20250501_133055.jpg,5,IMG-20250626-WA0025.jpg,81,0.4513995349407196,,
IMG_20250515_113414.jpg,1,IMG_20250717_104652.jpg,93,0.4929675757884979,,
IMG_20250515_113414.jpg,2,IMG_20250807_105820.jpg,97,0.4664956033229828,,
IMG_20250515_113414.jpg,3,IMG_20250717_123656.jpg,100,0.4437308311462402,,
IMG_20250515_113414.jpg,4,IMG-20250717-WA0013.jpg,100,0.3814948201179504,,
IMG_20250515_113414.jpg,5,IMG-20250626-WA0020.jpg,87,0.4359537661075592,,
IMG_20250515_114220.jpg,1,IMG-20250717-WA0013.jpg,95,0.4814724922180176,,
IMG_20250515_114220.jpg,2,IMG-20250626-WA0003.jpg,86,0.4903507530689239,,
IMG_20250515_114220.jpg,3,IMG-20250919-WA0020.jpg,89,0.432551622390747,,
IMG_20250515_114220.jpg,4,IMG-20250717-WA0011.jpg,66,0.5562793016433716,,
IMG_20250515_114220.jpg,5,IMG-20250626-WA0015.jpg,72,0.5044276714324951,,
IMG_20250515_121011.jpg,1,IMG-20250910-WA0017.jpg,226,0.7117356657981873,,
IMG_20250515_121011.jpg,2,A08_15_19_M_roh.jpeg,76,0.5799228549003601,,
IMG_20250515_121011.jpg,3,IMG-20250626-WA0020.jpg,85,0.5170884132385254,,
IMG_20250515_121011.jpg,4,IMG_20250717_113844.jpg,91,0.4516810476779938,,
IMG_20250515_121011.jpg,5,IMG_20250501_132350.jpg,87,0.4678831398487091,,
IMG_20250717_104317.jpg,1,IMG_20250717_113156.jpg,133,0.4362595677375793,,
IMG_20250717_104317.jpg,2,IMG-20250626-WA0009.jpg,106,0.4370356798171997,,
IMG_20250717_104317.jpg,3,IMG_20250717_113844.jpg,93,0.4742680191993713,,
IMG_20250717_104317.jpg,4,IMG-20250716-WA0006.jpg,96,0.4581834673881531,,
IMG_20250717_104317.jpg,5,IMG-20250626-WA0011.jpg,89,0.4927643239498138,,
IMG_20250717_104525.jpg,1,IMG_20250717_111215.jpg,116,0.4369673132896423,,
IMG_20250717_104525.jpg,2,IMG-20250919-WA0016.jpg,104,0.4863838255405426,,
IMG_20250717_104525.jpg,3,IMG-20250919-WA0009.jpg,108,0.4540838301181793,,
IMG_20250717_104525.jpg,4,IMG-20250716-WA0022.jpg,98,0.5002400875091553,,
IMG_20250717_104525.jpg,5,WhatsApp_Bild_2025-09-19_um_12.14.04_40e117ce.jpg,109,0.4493071734905243,,
IMG_20250717_104652.jpg,1,IMG-20250626-WA0015.jpg,326,0.8010608553886414,,
IMG_20250717_104652.jpg,2,IMG-20250626-WA0014.jpg,332,0.7851410508155823,,
IMG_20250717_104652.jpg,3,A06_12_04_W_roh.jpeg,202,0.8011088967323303,,
IMG_20250717_104652.jpg,4,IMG-20250717-WA0009.jpg,103,0.4675511419773102,,
IMG_20250717_104652.jpg,5,IMG_20250515_113414.jpg,93,0.4929675757884979,,
IMG_20250717_105046.jpg,1,A06_17_04_W_roh.jpg,258,0.6647529006004333,,
IMG_20250717_105046.jpg,2,IMG_20250515_121011.jpg,90,0.4388164281845093,,
IMG_20250717_105046.jpg,3,IMG-20250626-WA0020.jpg,90,0.4246653318405151,,
IMG_20250717_105046.jpg,4,IMG-20250626-WA0007.jpg,86,0.4333885610103607,,
IMG_20250717_105046.jpg,5,IMG-20250910-WA0017.jpg,73,0.4955863356590271,,
IMG_20250717_110833.jpg,1,IMG-20250910-WA0064.jpg,224,0.7996941208839417,,
IMG_20250717_110833.jpg,2,IMG-20250626-WA0009.jpg,87,0.4690603017807007,,
IMG_20250717_110833.jpg,3,A06_14_02_W_roh.jpg,74,0.4881071150302887,,
IMG_20250717_110833.jpg,4,IMG-20250626-WA0003.jpg,84,0.4268149435520172,,
IMG_20250717_110833.jpg,5,IMG_20250717_104317.jpg,90,0.3938007056713104,,
IMG_20250717_111215.jpg,1,IMG-20250910-WA0062.jpg,247,0.7266873121261597,,
IMG_20250717_111215.jpg,2,A08_15_05_M_roh.jpeg,201,0.8258877992630005,,
IMG_20250717_111215.jpg,3,IMG-20250919-WA0020.jpg,105,0.5018559098243713,,
IMG_20250717_111215.jpg,4,IMG_20250717_104525.jpg,116,0.4369673132896423,,
IMG_20250717_111215.jpg,5,IMG-20250626-WA0013.jpg,91,0.4570575952529907,,
IMG_20250717_111516.jpg,1,IMG-20250919-WA0009.jpg,90,0.5059686303138733,,
IMG_20250717_111516.jpg,2,IMG_20250807_105820.jpg,90,0.4700680375099182,,
IMG_20250717_111516.jpg,3,IMG_20250717_123430.jpg,84,0.5008248090744019,,
IMG_20250717_111516.jpg,4,IMG-20250620-WA0042.jpg,95,0.4358981251716614,,
IMG_20250717_111516.jpg,5,IMG-20250626-WA0009.jpg,91,0.4531121551990509,,
IMG_20250717_111635.jpg,1,IMG-20250919-WA0011.jpg,212,0.6375017166137695,,
IMG_20250717_111635.jpg,2,IMG-20250919-WA0014.jpg,201,0.6710505485534668,,
IMG_20250717_111635.jpg,3,WhatsApp_Bild_2025-09-19_um_12.14.03_02becc24.jpg,94,0.4613402485847473,,
IMG_20250717_111635.jpg,4,IMG_20250717_104317.jpg,88,0.4642649292945862,,
IMG_20250717_111635.jpg,5,IMG_20250717_113156.jpg,73,0.4615738093852997,,
IMG_20250717_112327.jpg,1,A08_18_03_W_roh.jpeg,206,0.772627592086792,,
IMG_20250717_112327.jpg,2,IMG-20250626-WA0021.jpg,85,0.4723640084266662,,
IMG_20250717_112327.jpg,3,IMG-20250910-WA0061.jpg,87,0.4240646362304687,,
IMG_20250717_112327.jpg,4,IMG-20250626-WA0016.jpg,88,0.4103125929832458,,
IMG_20250717_112327.jpg,5,IMG-20250829-WA0022.jpg,79,0.4550245404243469,,
IMG_20250717_113156.jpg,1,IMG_20250807_104343.jpg,251,0.690678596496582,,
IMG_20250717_113156.jpg,2,IMG_20250717_104317.jpg,133,0.4362595677375793,,
IMG_20250717_113156.jpg,3,IMG-20250717-WA0009.jpg,98,0.4101422429084778,,
IMG_20250717_113156.jpg,4,A08_18_21_M_roh.jpeg,73,0.5400540232658386,,
IMG_20250717_113156.jpg,5,A08_18_05_W_roh.jpeg,80,0.4887216687202453,,
IMG_20250717_113633.jpg,1,A08_18_01_M_roh.jpeg,233,0.8599086999893188,,
IMG_20250717_113633.jpg,2,IMG_20250717_113844.jpg,104,0.49700528383255,,
IMG_20250717_113633.jpg,3,IMG-20250910-WA0062.jpg,100,0.5103282332420349,,
IMG_20250717_113633.jpg,4,IMG-20250626-WA0014.jpg,106,0.4713315367698669,,
IMG_20250717_113633.jpg,5,IMG_20250807_103916.jpg,100,0.414207398891449,,
IMG_20250717_113844.jpg,1,IMG-20250910-WA0027.jpg,100,0.5183042883872986,,
IMG_20250717_113844.jpg,2,IMG_20250717_113633.jpg,104,0.49700528383255,,
IMG_20250717_113844.jpg,3,A08_18_05_W_roh.jpeg,82,0.5476198792457581,,
IMG_20250717_113844.jpg,4,IMG_20250717_104317.jpg,93,0.4742680191993713,,
IMG_20250717_113844.jpg,5,IMG_20250807_103916.jpg,100,0.4287844002246856,,
IMG_20250717_123430.jpg,1,IMG-20250910-WA0022.jpg,265,0.8244428038597107,,
IMG_20250717_123430.jpg,2,IMG-20250919-WA0009.jpg,269,0.7233478426933289,,
IMG_20250717_123430.jpg,3,IMG-20250910-WA0029.jpg,245,0.782118558883667,,
IMG_20250717_123430.jpg,4,IMG_20250717_111516.jpg,84,0.5008248090744019,,
IMG_20250717_123430.jpg,5,IMG-20250717-WA0012.jpg,90,0.4632990658283233,,
IMG_20250717_123656.jpg,1,IMG_20250515_113414.jpg,100,0.4437308311462402,,
IMG_20250717_123656.jpg,2,IMG-20250919-WA0021.jpg,92,0.4681565761566162,,
IMG_20250717_123656.jpg,3,IMG-20250626-WA0003.jpg,89,0.4618326425552368,,
IMG_20250717_123656.jpg,4,IMG-20250829-WA0013.jpg,94,0.4300933182239532,,
IMG_20250717_123656.jpg,5,IMG-20250620-WA0042.jpg,79,0.4990909993648529,,
IMG_20250807_103916.jpg,1,A08_18_14_M_roh.jpeg,160,0.8293342590332031,,
IMG_20250807_103916.jpg,2,IMG-20250910-WA0030.jpg,102,0.4383429288864136,,
IMG_20250807_103916.jpg,3,IMG-20250919-WA0020.jpg,93,0.4790538549423218,,
IMG_20250807_103916.jpg,4,IMG-20250910-WA0022.jpg,90,0.488686054944992,,
IMG_20250807_103916.jpg,5,IMG_20250717_113844.jpg,100,0.4287844002246856,,
IMG_20250807_104159.jpg,1,IMG-20250626-WA0024.jpg,173,0.7169777750968933,,
IMG_20250807_104159.jpg,2,IMG-20250626-WA0025.jpg,177,0.6969684958457947,,
IMG_20250807_104159.jpg,3,A08_15_04_M_roh.jpeg,129,0.7486584186553955,,
IMG_20250807_104159.jpg,4,A05_18_07_W_roh.jpeg,95,0.4701190888881683,,
IMG_20250807_104159.jpg,5,IMG-20250919-WA0012.jpg,91,0.4508236646652221,,
IMG_20250807_104343.jpg,1,IMG_20250717_113156.jpg,251,0.690678596496582,,
IMG_20250807_104343.jpg,2,IMG_20250501_132350.jpg,82,0.4671719074249267,,
IMG_20250807_104343.jpg,3,IMG_20250717_104525.jpg,85,0.4406363070011139,,
IMG_20250807_104343.jpg,4,IMG-20250626-WA0009.jpg,79,0.4349843263626098,,
IMG_20250807_104343.jpg,5,IMG-20250919-WA0009.jpg,73,0.4628728926181793,,
IMG_20250807_104825.jpg,1,IMG-20250919-WA0021.jpg,92,0.4894473254680633,,
IMG_20250807_104825.jpg,2,IMG-20250626-WA0021.jpg,82,0.4772197306156158,,
IMG_20250807_104825.jpg,3,IMG_20250807_105820.jpg,78,0.471067726612091,,
IMG_20250807_104825.jpg,4,IMG-20250626-WA0002.jpg,81,0.451179176568985,,
IMG_20250807_104825.jpg,5,IMG-20250626-WA0016.jpg,91,0.4014842510223388,,
IMG_20250807_105223.jpg,1,A08_15_19_M_roh.jpeg,149,0.8204168677330017,,
IMG_20250807_105223.jpg,2,IMG-20250626-WA0016.jpg,96,0.4387210607528686,,
IMG_20250807_105223.jpg,3,IMG-20250829-WA0022.jpg,81,0.4464873373508453,,
IMG_20250807_105223.jpg,4,IMG-20250607-WA0007.jpg,72,0.4788881838321686,,
IMG_20250807_105223.jpg,5,IMG_20250807_103916.jpg,75,0.4493468403816223,,
IMG_20250807_105820.jpg,1,A06_03_01_M_roh.jpeg,180,0.8004533052444458,,
IMG_20250807_105820.jpg,2,IMG_20250515_113414.jpg,97,0.4664956033229828,,
IMG_20250807_105820.jpg,3,IMG_20250717_111516.jpg,90,0.4700680375099182,,
IMG_20250807_105820.jpg,4,IMG_20250501_132350.jpg,74,0.5477326512336731,,
IMG_20250807_105820.jpg,5,IMG-20250919-WA0016.jpg,90,0.4351533651351928,,
IMG_20250807_110659.jpg,1,IMG-20250626-WA0013.jpg,237,0.7004038095474243,,
IMG_20250807_110659.jpg,2,IMG-20250717-WA0013.jpg,76,0.4912258982658386,,
IMG_20250807_110659.jpg,3,IMG-20250910-WA0017.jpg,73,0.510172426700592,,
IMG_20250807_110659.jpg,4,IMG-20250626-WA0009.jpg,79,0.4680124819278717,,
IMG_20250807_110659.jpg,5,IMG-20250910-WA0015.jpg,76,0.4741793274879455,,
WhatsApp_Bild_2025-07-31_um_14.06.15_96d8cd99.jpg,1,IMG_20250717_113633.jpg,75,0.4572480320930481,,
WhatsApp_Bild_2025-07-31_um_14.06.15_96d8cd99.jpg,2,IMG-20250910-WA0023.jpg,61,0.538435697555542,,
WhatsApp_Bild_2025-07-31_um_14.06.15_96d8cd99.jpg,3,H05_11_41_M_roh.jpeg,58,0.5597796440124512,,
WhatsApp_Bild_2025-07-31_um_14.06.15_96d8cd99.jpg,4,IMG-20250626-WA0016.jpg,70,0.4484891593456268,,
WhatsApp_Bild_2025-07-31_um_14.06.15_96d8cd99.jpg,5,IMG-20250726-WA0007.jpg,65,0.4761227071285248,,
WhatsApp_Bild_2025-09-19_um_12.14.03_02becc24.jpg,1,IMG_20250717_111635.jpg,94,0.4613402485847473,,
WhatsApp_Bild_2025-09-19_um_12.14.03_02becc24.jpg,2,IMG_20250501_132350.jpg,91,0.4509766101837158,,
WhatsApp_Bild_2025-09-19_um_12.14.03_02becc24.jpg,3,IMG_20250501_133055.jpg,86,0.4662392139434814,,
WhatsApp_Bild_2025-09-19_um_12.14.03_02becc24.jpg,4,IMG-20250717-WA0011.jpg,80,0.4997516274452209,,
WhatsApp_Bild_2025-09-19_um_12.14.03_02becc24.jpg,5,IMG_20250717_104317.jpg,95,0.4078079760074615,,
WhatsApp_Bild_2025-09-19_um_12.14.04_40e117ce.jpg,1,IMG_20250717_104525.jpg,109,0.4493071734905243,,
WhatsApp_Bild_2025-09-19_um_12.14.04_40e117ce.jpg,2,IMG_20250717_104317.jpg,86,0.4991847276687622,,
WhatsApp_Bild_2025-09-19_um_12.14.04_40e117ce.jpg,3,A08_15_07_W_roh.jpeg,79,0.4953331053256988,,
WhatsApp_Bild_2025-09-19_um_12.14.04_40e117ce.jpg,4,A08_15_19_M_roh.jpeg,77,0.4831359684467315,,
WhatsApp_Bild_2025-09-19_um_12.14.04_40e117ce.jpg,5,IMG-20250620-WA0042.jpg,77,0.4734795391559601,,
WhatsApp_Bild_2025-09-26_um_10.50.58_1a5f4434.jpg,1,IMG-20250626-WA0003.jpg,97,0.4487565755844116,,
WhatsApp_Bild_2025-09-26_um_10.50.58_1a5f4434.jpg,2,IMG-20250910-WA0027.jpg,89,0.451632559299469,,
WhatsApp_Bild_2025-09-26_um_10.50.58_1a5f4434.jpg,3,IMG-20250620-WA0039.jpg,72,0.540589451789856,,
WhatsApp_Bild_2025-09-26_um_10.50.58_1a5f4434.jpg,4,IMG-20250910-WA0030.jpg,85,0.440852403640747,,
WhatsApp_Bild_2025-09-26_um_10.50.58_1a5f4434.jpg,5,IMG-20250717-WA0012.jpg,75,0.4911388158798218,,
