query_image,rank,candidate_image,num_matches,average_confidence,combined_score
A02_03_02_M_roh.jpeg,1,IMG-20250607-WA0006.jpg,78,0.5140649676322937,40.09706747531891
A02_03_02_M_roh.jpeg,2,IMG_20250717_104525.jpg,80,0.4628512859344482,37.02810287475586
A02_03_02_M_roh.jpeg,3,IMG-20250626-WA0021.jpg,67,0.5263360738754272,35.264516949653625
A02_03_02_M_roh.jpeg,4,IMG_20250717_123656.jpg,69,0.4992469549179077,34.44803988933563
A02_03_02_M_roh.jpeg,5,IMG_20250807_105223.jpg,63,0.4803221821784973,30.26029747724533
A04_03_01_W_roh.jpeg,1,IMG-20250919-WA0012.jpg,174,0.7631900906562805,132.7950757741928
A04_03_01_W_roh.jpeg,2,A05_18_07_W_roh.jpeg,163,0.7498279809951782,122.22196090221404
A04_03_01_W_roh.jpeg,3,IMG-20250717-WA0013.jpg,70,0.5279024243354797,36.95316970348358
A04_03_01_W_roh.jpeg,4,IMG-20250626-WA0025.jpg,71,0.5053190588951111,35.87765318155289
A04_03_01_W_roh.jpeg,5,IMG_20250501_133055.jpg,66,0.4994794726371765,32.96564519405365
A04_12_02_M_roh.jpeg,1,IMG-20250919-WA0009.jpg,75,0.5133731961250305,38.50298970937729
A04_12_02_M_roh.jpeg,2,IMG_20250501_132350.jpg,62,0.5531594157218933,34.295883774757385
A04_12_02_M_roh.jpeg,3,IMG-20250626-WA0011.jpg,63,0.509120762348175,32.07460802793503
A04_12_02_M_roh.jpeg,4,IMG-20250626-WA0021.jpg,70,0.4560323059558868,31.92226141691208
A04_12_02_M_roh.jpeg,5,H01_14_03_M_roh.jpeg,60,0.5069348216056824,30.416089296340942
A04_12_04_W_roh.jpeg,1,A04_17_02_W_roh.jpg,216,0.8734481334686279,188.66479682922363
A04_12_04_W_roh.jpeg,2,A06_08_04_W_roh.jpg,68,0.4124203324317932,28.04458260536194
A04_12_04_W_roh.jpeg,3,A08_18_18_W_roh.jpeg,62,0.4051647186279297,25.12021255493164
A04_12_04_W_roh.jpeg,4,A06_15_03_W_roh.jpeg,52,0.4810851216316223,25.01642632484436
A04_12_04_W_roh.jpeg,5,A07_17_03_W_roh.jpg,57,0.4107352197170257,23.411907523870468
A04_15_03_M_roh.jpeg,1,IMG-20250607-WA0007.jpg,43,0.5173782706260681,22.24726563692093
A04_15_03_M_roh.jpeg,2,IMG_20250717_110833.jpg,40,0.5389248728752136,21.556994915008545
A04_15_03_M_roh.jpeg,3,IMG_20250807_105820.jpg,38,0.517509937286377,19.665377616882324
A04_15_03_M_roh.jpeg,4,A05_18_08_W_roh.jpeg,35,0.5399768352508545,18.899189233779907
A04_15_03_M_roh.jpeg,5,A06_17_01_M_roh_-_Kopie.jpg,38,0.4887092113494873,18.57095003128052
A04_15_04_M_roh.jpeg,1,A08_15_21_M_roh.jpeg,65,0.4376576840877533,28.447749465703964
A04_15_04_M_roh.jpeg,2,IMG-20250726-WA0011.jpg,41,0.5174367427825928,21.214906454086304
A04_15_04_M_roh.jpeg,3,IMG-20250626-WA0004.jpg,38,0.505462646484375,19.20758056640625
A04_15_04_M_roh.jpeg,4,IMG-20250626-WA0021.jpg,44,0.4297451376914978,18.908786058425903
A04_15_04_M_roh.jpeg,5,IMG-20250726-WA0012.jpg,42,0.4483312368392944,18.82991194725037
A04_15_05_W_roh.jpeg,1,IMG-20250910-WA0027.jpg,176,0.8529021143913269,150.11077213287354
A04_15_05_W_roh.jpeg,2,IMG-20250910-WA0030.jpg,186,0.7883689403533936,146.6366229057312
A04_15_05_W_roh.jpeg,3,A05_12_03_W_roh.jpeg,170,0.794861912727356,135.1265251636505
A04_15_05_W_roh.jpeg,4,A05_18_06_W_roh.jpeg,156,0.7419102191925049,115.73799419403076
A04_15_05_W_roh.jpeg,5,IMG-20250919-WA0016.jpg,90,0.5011139512062073,45.100255608558655
A04_15_06_M_roh.jpeg,1,IMG_20250717_113844.jpg,69,0.5171689987182617,35.68466091156006
A04_15_06_M_roh.jpeg,2,IMG-20250919-WA0016.jpg,62,0.5464995503425598,33.88297212123871
A04_15_06_M_roh.jpeg,3,IMG-20250717-WA0011.jpg,65,0.5009744763374329,32.563340961933136
A04_15_06_M_roh.jpeg,4,A07_18_01_W_roh.jpeg,62,0.510638415813446,31.65958178043365
A04_15_06_M_roh.jpeg,5,A08_18_22_W_roh.jpeg,51,0.540023922920227,27.54122006893158
A04_17_01_W_roh.jpg,1,A08_18_19_W_roh.jpeg,214,0.8346794843673706,178.6214096546173
A04_17_01_W_roh.jpg,2,A08_17_17_W_roh.jpg,97,0.5177586078643799,50.22258496284485
A04_17_01_W_roh.jpg,3,A08_09_39_W_roh.jpg,61,0.46037557721138,28.08291020989418
A04_17_01_W_roh.jpg,4,A06_14_02_W_roh.jpg,57,0.4866444170475006,27.73873177170753
A04_17_01_W_roh.jpg,5,A06_08_04_W_roh.jpg,56,0.4571135640144348,25.59835958480835
A04_17_02_W_roh.jpg,1,A04_12_04_W_roh.jpeg,216,0.8734481334686279,188.66479682922363
A04_17_02_W_roh.jpg,2,A08_18_18_W_roh.jpeg,57,0.4350931942462921,24.80031207203865
A04_17_02_W_roh.jpg,3,A06_15_03_W_roh.jpeg,54,0.4365218877792358,23.572181940078732
A04_17_02_W_roh.jpg,4,A05_21_01_W_roh.jpeg,48,0.4559867084026336,21.887362003326416
A04_17_02_W_roh.jpg,5,A04_03_01_W_roh.jpeg,43,0.4900473654270172,21.07203671336174
A05_12_03_W_roh.jpeg,1,IMG-20250910-WA0030.jpg,183,0.7855364680290222,143.7531736493111
A05_12_03_W_roh.jpeg,2,IMG-20250910-WA0027.jpg,177,0.7798566818237305,138.0346326828003
A05_12_03_W_roh.jpeg,3,A04_15_05_W_roh.jpeg,170,0.794861912727356,135.1265251636505
A05_12_03_W_roh.jpeg,4,A05_18_06_W_roh.jpeg,150,0.8300144672393799,124.50217008590698
A05_12_03_W_roh.jpeg,5,IMG-20250919-WA0016.jpg,82,0.4322349429130554,35.443265318870544
A05_15_03_W_roh.jpeg,1,IMG-20250726-WA0007.jpg,62,0.5515603423118591,34.196741223335266
A05_15_03_W_roh.jpeg,2,IMG-20250726-WA0009.jpg,65,0.5221845507621765,33.94199579954147
A05_15_03_W_roh.jpeg,3,IMG-20250919-WA0012.jpg,75,0.4494883716106415,33.71162787079811
A05_15_03_W_roh.jpeg,4,IMG-20250626-WA0025.jpg,60,0.5614266991615295,33.68560194969177
A05_15_03_W_roh.jpeg,5,A05_18_07_W_roh.jpeg,69,0.4763383865356445,32.86734867095947
A05_18_04_W_roh.jpeg,1,A08_06_05_SA_roh.jpeg,111,0.6796128749847412,75.43702912330627
A05_18_04_W_roh.jpeg,2,A05_21_01_W_roh.jpeg,54,0.4582338035106659,24.74462538957596
A05_18_04_W_roh.jpeg,3,A06_18_04_W_roh.jpeg,52,0.4738105833530426,24.638150334358212
A05_18_04_W_roh.jpeg,4,IMG-20250910-WA0063.jpg,52,0.4585877954959869,23.84656536579132
A05_18_04_W_roh.jpeg,5,IMG_20250501_132115.jpg,53,0.4491469264030456,23.80478709936142
A05_18_05_W_roh.jpeg,1,A06_17_04_W_roh.jpg,60,0.5032734274864197,30.19640564918518
A05_18_05_W_roh.jpeg,2,IMG-20250626-WA0021.jpg,52,0.5415974259376526,28.16306614875793
A05_18_05_W_roh.jpeg,3,WhatsApp_Bild_2025-09-26_um_10.50.58_1a5f4434.jpg,60,0.4632526040077209,27.795156240463257
A05_18_05_W_roh.jpeg,4,A06_03_01_M_roh.jpeg,50,0.5302295088768005,26.511475443840027
A05_18_05_W_roh.jpeg,5,A06_12_01_W_roh.jpeg,55,0.4796128869056701,26.37870877981186
A05_18_06_W_roh.jpeg,1,IMG-20250910-WA0030.jpg,190,0.7886964678764343,149.85232889652252
A05_18_06_W_roh.jpeg,2,IMG-20250910-WA0027.jpg,186,0.7734516263008118,143.862002491951
A05_18_06_W_roh.jpeg,3,A05_12_03_W_roh.jpeg,150,0.8300144672393799,124.50217008590698
A05_18_06_W_roh.jpeg,4,A04_15_05_W_roh.jpeg,156,0.7419102191925049,115.73799419403076
A05_18_06_W_roh.jpeg,5,A06_17_02_W__roh.jpg,66,0.5252636671066284,34.66740202903748
A05_18_07_W_roh.jpeg,1,IMG-20250919-WA0012.jpg,249,0.8367868065834045,208.35991483926773
A05_18_07_W_roh.jpeg,2,A04_03_01_W_roh.jpeg,163,0.7498279809951782,122.22196090221404
A05_18_07_W_roh.jpeg,3,IMG_20250807_104159.jpg,95,0.4701190888881683,44.66131344437599
A05_18_07_W_roh.jpeg,4,IMG_20250501_132350.jpg,79,0.5250598788261414,41.47973042726517
A05_18_07_W_roh.jpeg,5,IMG-20250717-WA0013.jpg,84,0.4778695106506347,40.14103889465332
A05_18_08_W_roh.jpeg,1,IMG_20250717_104525.jpg,91,0.4720393717288971,42.95558282732964
A05_18_08_W_roh.jpeg,2,IMG-20250910-WA0062.jpg,80,0.4985862672328949,39.88690137863159
A05_18_08_W_roh.jpeg,3,IMG-20250626-WA0016.jpg,77,0.503021240234375,38.73263549804688
A05_18_08_W_roh.jpeg,4,IMG_20250717_104652.jpg,74,0.4783922135829925,35.40102380514145
A05_18_08_W_roh.jpeg,5,IMG-20250626-WA0009.jpg,74,0.474198579788208,35.09069490432739
A05_21_01_W_roh.jpeg,1,IMG_20250501_132115.jpg,81,0.4502987265586853,36.47419685125351
A05_21_01_W_roh.jpeg,2,A06_18_04_W_roh.jpeg,60,0.5267226696014404,31.603360176086422
A05_21_01_W_roh.jpeg,3,IMG-20250620-WA0039.jpg,51,0.5500718355178833,28.05366361141205
A05_21_01_W_roh.jpeg,4,IMG_20250501_133055.jpg,56,0.5006786584854126,28.038004875183105
A05_21_01_W_roh.jpeg,5,A08_18_23_W_roh.jpeg,55,0.504576563835144,27.75171101093292
A06_03_01_M_roh.jpeg,1,IMG_20250807_105820.jpg,180,0.8004533052444458,144.08159494400024
A06_03_01_M_roh.jpeg,2,IMG-20250919-WA0009.jpg,77,0.5089321732521057,39.18777734041214
A06_03_01_M_roh.jpeg,3,IMG_20250515_121011.jpg,84,0.4619121551513672,38.80062103271485
A06_03_01_M_roh.jpeg,4,IMG_20250501_132350.jpg,73,0.4943851828575134,36.09011834859848
A06_03_01_M_roh.jpeg,5,IMG-20250626-WA0016.jpg,67,0.5067350268363953,33.95124679803848
A06_03_02_W_roh.jpeg,1,IMG-20250620-WA0042.jpg,67,0.598624587059021,40.10784733295441
A06_03_02_W_roh.jpeg,2,IMG-20250626-WA0013.jpg,76,0.4676987528800964,35.54510521888733
A06_03_02_W_roh.jpeg,3,IMG_20250501_132115.jpg,67,0.4761112034320831,31.89945062994957
A06_03_02_W_roh.jpeg,4,IMG-20250626-WA0024.jpg,67,0.4538948535919189,30.41095519065857
A06_03_02_W_roh.jpeg,5,IMG_20250717_111215.jpg,66,0.4366034865379333,28.8158301115036
A06_08_04_W_roh.jpg,1,A08_18_18_W_roh.jpeg,77,0.4689820408821106,36.11161714792252
A06_08_04_W_roh.jpg,2,IMG-20250626-WA0016.jpg,63,0.5269520282745361,33.197977781295776
A06_08_04_W_roh.jpg,3,A08_17_17_W_roh.jpg,79,0.4097157418727875,32.36754360795021
A06_08_04_W_roh.jpg,4,A07_17_06_W_roh.jpg,68,0.4576452672481537,31.11987817287445
A06_08_04_W_roh.jpg,5,A06_15_03_W_roh.jpeg,62,0.4994666576385498,30.966932773590088
A06_12_01_W_roh.jpeg,1,A06_15_02_W_roh.jpeg,235,0.8557698726654053,201.10592007637024
A06_12_01_W_roh.jpeg,2,IMG-20250607-WA0003.jpg,226,0.8458395600318909,191.1597405672073
A06_12_01_W_roh.jpeg,3,A06_17_02_W__roh.jpg,230,0.8024798631668091,184.5703685283661
A06_12_01_W_roh.jpeg,4,IMG-20250607-WA0006.jpg,214,0.7784998416900635,166.59896612167358
A06_12_01_W_roh.jpeg,5,IMG_20250717_104317.jpg,92,0.4311762452125549,39.668214559555054
A06_12_04_W_roh.jpeg,1,IMG-20250626-WA0015.jpg,197,0.8741626143455505,172.21003502607346
A06_12_04_W_roh.jpeg,2,IMG-20250626-WA0014.jpg,199,0.8160523176193237,162.39441120624542
A06_12_04_W_roh.jpeg,3,IMG_20250717_104652.jpg,202,0.8011088967323303,161.82399713993073
A06_12_04_W_roh.jpeg,4,A08_18_06_W_roh.jpeg,52,0.6212577223777771,32.30540156364441
A06_12_04_W_roh.jpeg,5,IMG_20250717_111516.jpg,64,0.4941593408584595,31.626197814941406
A06_14_02_W_roh.jpg,1,IMG-20250626-WA0020.jpg,99,0.4855763614177704,48.07205978035927
A06_14_02_W_roh.jpg,2,IMG-20250626-WA0016.jpg,96,0.4748580455780029,45.58637237548828
A06_14_02_W_roh.jpg,3,A06_17_04_W_roh.jpg,86,0.4960982203483581,42.6644469499588
A06_14_02_W_roh.jpg,4,IMG-20250910-WA0023.jpg,76,0.5284366607666016,40.16118621826172
A06_14_02_W_roh.jpg,5,IMG_20250501_132350.jpg,76,0.5232692360877991,39.76846194267273
A06_15_02_W_roh.jpeg,1,IMG-20250607-WA0003.jpg,259,0.8196724653244019,212.29516851902008
A06_15_02_W_roh.jpeg,2,A06_17_02_W__roh.jpg,263,0.7927739024162292,208.4995363354683
A06_15_02_W_roh.jpeg,3,A06_12_01_W_roh.jpeg,235,0.8557698726654053,201.10592007637024
A06_15_02_W_roh.jpeg,4,IMG-20250607-WA0006.jpg,257,0.7475529909133911,192.12111866474152
A06_15_02_W_roh.jpeg,5,IMG-20250910-WA0030.jpg,83,0.5057563185691833,41.97777444124222
A06_15_03_W_roh.jpeg,1,A08_17_17_W_roh.jpg,65,0.4809029102325439,31.25868916511536
A06_15_03_W_roh.jpeg,2,A06_08_04_W_roh.jpg,62,0.4994666576385498,30.966932773590088
A06_15_03_W_roh.jpeg,3,A04_12_04_W_roh.jpeg,52,0.4810851216316223,25.01642632484436
A06_15_03_W_roh.jpeg,4,A04_17_02_W_roh.jpg,54,0.4365218877792358,23.572181940078732
A06_15_03_W_roh.jpeg,5,A08_09_39_W_roh.jpg,49,0.4740525782108307,23.228576332330704
A06_17_01_M_roh_-_Kopie.jpg,1,IMG_20250717_104525.jpg,62,0.4845620989799499,30.042850136756897
A06_17_01_M_roh_-_Kopie.jpg,2,IMG-20250717-WA0013.jpg,68,0.4173697829246521,28.381145238876343
A06_17_01_M_roh_-_Kopie.jpg,3,H01_14_03_M_roh.jpeg,56,0.5020363926887512,28.11403799057007
A06_17_01_M_roh_-_Kopie.jpg,4,IMG-20250919-WA0009.jpg,64,0.4330697059631347,27.716461181640625
A06_17_01_M_roh_-_Kopie.jpg,5,A08_18_08_M_roh.jpeg,64,0.4198014140129089,26.86729049682617
A06_17_02_W__roh.jpg,1,IMG-20250607-WA0003.jpg,256,0.8197000026702881,209.84320068359372
A06_17_02_W__roh.jpg,2,A06_15_02_W_roh.jpeg,263,0.7927739024162292,208.4995363354683
A06_17_02_W__roh.jpg,3,A06_12_01_W_roh.jpeg,230,0.8024798631668091,184.5703685283661
A06_17_02_W__roh.jpg,4,IMG-20250607-WA0006.jpg,233,0.7473397254943848,174.13015604019165
A06_17_02_W__roh.jpg,5,IMG-20250910-WA0030.jpg,112,0.4575725197792053,51.248122215271
A06_17_04_W_roh.jpg,1,IMG_20250717_105046.jpg,258,0.6647529006004333,171.5062483549118
A06_17_04_W_roh.jpg,2,A06_14_02_W_roh.jpg,86,0.4960982203483581,42.6644469499588
A06_17_04_W_roh.jpg,3,A06_15_02_W_roh.jpeg,77,0.504927933216095,38.87945085763931
A06_17_04_W_roh.jpg,4,IMG-20250829-WA0018.jpg,74,0.51677405834198,38.24128031730652
A06_17_04_W_roh.jpg,5,IMG-20250919-WA0011.jpg,81,0.4619017243385315,37.41403967142105
A06_18_04_W_roh.jpeg,1,IMG-20250626-WA0020.jpg,82,0.6562340259552002,53.811190128326416
A06_18_04_W_roh.jpeg,2,A08_18_09_M_roh.jpeg,61,0.5388820171356201,32.87180304527283
A06_18_04_W_roh.jpeg,3,A05_21_01_W_roh.jpeg,60,0.5267226696014404,31.603360176086422
A06_18_04_W_roh.jpeg,4,IMG-20250626-WA0016.jpg,53,0.5822826623916626,30.86098110675812
A06_18_04_W_roh.jpeg,5,H05_11_06_M_roh.jpeg,55,0.5087485909461975,27.981172502040863
A07_08_03_W_roh.jpg,1,IMG-20250620-WA0042.jpg,74,0.4749927222728729,35.1494614481926
A07_08_03_W_roh.jpg,2,IMG-20250626-WA0025.jpg,72,0.4840066730976105,34.848480463027954
A07_08_03_W_roh.jpg,3,IMG-20250607-WA0006.jpg,71,0.4885273575782776,34.68544238805771
A07_08_03_W_roh.jpg,4,IMG-20250620-WA0039.jpg,66,0.5208529829978943,34.37629687786102
A07_08_03_W_roh.jpg,5,IMG_20250717_104317.jpg,69,0.4771957993507385,32.92651015520096
A07_08_04_M_roh.jpg,1,H12_04_02_M_roh.jpg,81,0.4396733343601227,35.61354008316994
A07_08_04_M_roh.jpg,2,A07_15_01_W_roh.jpeg,56,0.5544604659080505,31.04978609085083
A07_08_04_M_roh.jpg,3,IMG-20250716-WA0016.jpg,54,0.5057404637336731,27.309985041618347
A07_08_04_M_roh.jpg,4,IMG-20250919-WA0008.jpg,61,0.4258575737476349,25.977311998605728
A07_08_04_M_roh.jpg,5,IMG-20250910-WA0025.jpg,54,0.4610793888568878,24.898286998271946
A07_09_02_W_roh.jpg,1,IMG_20250717_104525.jpg,92,0.4763917624950409,43.82804214954376
A07_09_02_W_roh.jpg,2,IMG_20250501_132350.jpg,95,0.4494459927082062,42.69736930727959
A07_09_02_W_roh.jpg,3,IMG-20250919-WA0020.jpg,92,0.4638367593288421,42.67298185825348
A07_09_02_W_roh.jpg,4,IMG-20250626-WA0009.jpg,89,0.4677689969539642,41.63144072890282
A07_09_02_W_roh.jpg,5,IMG_20250717_113844.jpg,83,0.4936635494232178,40.97407460212708
A07_09_03_W_roh.jpg,1,A08_15_03_W_roh.jpeg,156,0.6708027720451355,104.64523243904114
A07_09_03_W_roh.jpg,2,IMG_20250501_132115.jpg,88,0.4329744875431061,38.101754903793335
A07_09_03_W_roh.jpg,3,IMG-20250626-WA0025.jpg,72,0.490633875131607,35.32563900947571
A07_09_03_W_roh.jpg,4,IMG-20250717-WA0009.jpg,69,0.4992713928222656,34.44972610473633
A07_09_03_W_roh.jpg,5,A08_15_04_M_roh.jpeg,76,0.4477698802947998,34.030510902404785
A07_15_01_W_roh.jpeg,1,IMG-20250626-WA0009.jpg,77,0.4564829170703888,35.14918461441994
A07_15_01_W_roh.jpeg,2,A07_18_01_W_roh.jpeg,68,0.5162797570228577,35.10702347755432
A07_15_01_W_roh.jpeg,3,IMG-20250626-WA0003.jpg,62,0.5286396741867065,32.775659799575806
A07_15_01_W_roh.jpeg,4,IMG_20250717_104525.jpg,67,0.4761248528957367,31.90036514401436
A07_15_01_W_roh.jpeg,5,A07_08_04_M_roh.jpg,56,0.5544604659080505,31.04978609085083
A07_17_03_W_roh.jpg,1,A07_17_06_W_roh.jpg,70,0.3828053474426269,26.796374320983887
A07_17_03_W_roh.jpg,2,A08_09_39_W_roh.jpg,65,0.3739913702011108,24.309439063072205
A07_17_03_W_roh.jpg,3,A04_12_04_W_roh.jpeg,57,0.4107352197170257,23.411907523870468
A07_17_03_W_roh.jpg,4,A08_17_17_W_roh.jpg,60,0.3851615488529205,23.109692931175232
A07_17_03_W_roh.jpg,5,A06_08_04_W_roh.jpg,60,0.3846015632152557,23.076093792915344
A07_17_06_W_roh.jpg,1,A06_08_04_W_roh.jpg,68,0.4576452672481537,31.11987817287445
A07_17_06_W_roh.jpg,2,A07_17_03_W_roh.jpg,70,0.3828053474426269,26.796374320983887
A07_17_06_W_roh.jpg,3,IMG-20250620-WA0039.jpg,46,0.5268915295600891,24.2370103597641
A07_17_06_W_roh.jpg,4,A08_15_17_M_roh.jpeg,50,0.4450518190860748,22.25259095430374
A07_17_06_W_roh.jpg,5,IMG-20250919-WA0021.jpg,45,0.4407879412174225,19.83545735478401
A07_18_01_W_roh.jpeg,1,A07_15_01_W_roh.jpeg,68,0.5162797570228577,35.10702347755432
A07_18_01_W_roh.jpeg,2,IMG_20250717_104525.jpg,75,0.4517147839069366,33.87860879302025
A07_18_01_W_roh.jpeg,3,IMG-20250626-WA0011.jpg,59,0.5595222115516663,33.01181048154831
A07_18_01_W_roh.jpeg,4,A04_15_06_M_roh.jpeg,62,0.510638415813446,31.65958178043365
A07_18_01_W_roh.jpeg,5,IMG-20250829-WA0013.jpg,57,0.5407103300094604,30.82048881053925
A07_18_03_W_roh.jpeg,1,IMG_20250717_104652.jpg,72,0.5061355829238892,36.44176197052002
A07_18_03_W_roh.jpeg,2,IMG-20250716-WA0006.jpg,70,0.4888206422328949,34.21744495630264
A07_18_03_W_roh.jpeg,3,A08_18_04_W_roh.jpeg,57,0.5160404443740845,29.41430532932281
A07_18_03_W_roh.jpeg,4,A05_18_07_W_roh.jpeg,45,0.6283806562423706,28.27712953090668
A07_18_03_W_roh.jpeg,5,IMG-20250910-WA0016.jpg,56,0.4796231389045715,26.85889577865601
A08_06_02_SA_roh.jpeg,1,A08_18_06_W_roh.jpeg,117,0.687371551990509,80.42247158288956
A08_06_02_SA_roh.jpeg,2,IMG_20250717_104525.jpg,81,0.4740265309810638,38.39614900946617
A08_06_02_SA_roh.jpeg,3,IMG-20250919-WA0009.jpg,70,0.5163840055465698,36.14688038825989
A08_06_02_SA_roh.jpeg,4,IMG-20250620-WA0042.jpg,69,0.5205342769622803,35.91686511039734
A08_06_02_SA_roh.jpeg,5,IMG-20250717-WA0012.jpg,76,0.4601714611053467,34.97303104400635
A08_06_05_SA_roh.jpeg,1,IMG-20250910-WA0063.jpg,135,0.6975815892219543,94.17351454496384
A08_06_05_SA_roh.jpeg,2,A05_18_04_W_roh.jpeg,111,0.6796128749847412,75.43702912330627
A08_06_05_SA_roh.jpeg,3,IMG_20250717_111516.jpg,77,0.4805515706539154,37.002470940351486
A08_06_05_SA_roh.jpeg,4,IMG_20250501_132350.jpg,74,0.4905925095081329,36.30384570360184
A08_06_05_SA_roh.jpeg,5,IMG-20250626-WA0020.jpg,57,0.4869074821472168,27.75372648239136
A08_06_08_W_roh.jpeg,1,IMG-20250626-WA0020.jpg,79,0.4716469049453735,37.26010549068451
A08_06_08_W_roh.jpeg,2,IMG-20250626-WA0002.jpg,72,0.4883766770362854,35.16312074661255
A08_06_08_W_roh.jpeg,3,A05_12_03_W_roh.jpeg,63,0.5556297302246094,35.00467300415039
A08_06_08_W_roh.jpeg,4,IMG-20250910-WA0030.jpg,74,0.4534230828285217,33.55330812931061
A08_06_08_W_roh.jpeg,5,IMG-20250829-WA0018.jpg,67,0.4984244704246521,33.39443951845169
A08_06_10_M_roh.jpeg,1,AT01_03_04_M_roh.jpeg,62,0.557338535785675,34.55498921871185
A08_06_10_M_roh.jpeg,2,IMG-20250910-WA0017.jpg,60,0.555106520652771,33.30639123916626
A08_06_10_M_roh.jpeg,3,A06_17_02_W__roh.jpg,61,0.5222330689430237,31.856217205524445
A08_06_10_M_roh.jpeg,4,IMG-20250620-WA0042.jpg,65,0.4868622720241546,31.646047681570053
A08_06_10_M_roh.jpeg,5,IMG-20250626-WA0020.jpg,68,0.4572380781173706,31.0921893119812
A08_09_35_W_roh.jpg,1,A08_18_05_W_roh.jpeg,167,0.7286103963851929,121.6779361963272
A08_09_35_W_roh.jpg,2,IMG-20250910-WA0063.jpg,76,0.5415870547294617,41.16061615943909
A08_09_35_W_roh.jpg,3,IMG-20250626-WA0016.jpg,81,0.4708769917488098,38.1410363316536
A08_09_35_W_roh.jpg,4,IMG-20250919-WA0019.jpg,87,0.4317885637283325,37.56560504436493
A08_09_35_W_roh.jpg,5,IMG_20250717_104652.jpg,76,0.4896197021007538,37.21109735965729
A08_09_39_W_roh.jpg,1,IMG-20250717-WA0009.jpg,64,0.4749321341514587,30.39565658569336
A08_09_39_W_roh.jpg,2,A04_17_01_W_roh.jpg,61,0.46037557721138,28.08291020989418
A08_09_39_W_roh.jpg,3,A08_17_17_W_roh.jpg,58,0.4479367434978485,25.980331122875214
A08_09_39_W_roh.jpg,4,A08_18_18_W_roh.jpeg,66,0.3846921324729919,25.38968074321747
A08_09_39_W_roh.jpg,5,A06_12_01_W_roh.jpeg,51,0.4875111877918243,24.86307057738304
A08_12_05_W_roh.jpeg,1,IMG-20250919-WA0008.jpg,45,0.4391211867332458,19.760453402996063
A08_12_05_W_roh.jpeg,2,IMG-20250626-WA0014.jpg,38,0.5006752610206604,19.02565991878509
A08_12_05_W_roh.jpeg,3,H12_04_02_M_roh.jpg,43,0.4329051077365875,18.614919632673264
A08_12_05_W_roh.jpeg,4,A08_18_17_W_roh.jpeg,41,0.4517988264560699,18.523751884698868
A08_12_05_W_roh.jpeg,5,IMG_20250717_104652.jpg,38,0.4783916473388672,18.178882598876957
A08_12_13_W_roh.jpeg,1,A08_15_14_W_roh.jpeg,118,0.7157043218612671,84.45310997962952
A08_12_13_W_roh.jpeg,2,IMG-20250910-WA0017.jpg,59,0.6130085587501526,36.167504966259
A08_12_13_W_roh.jpeg,3,IMG-20250626-WA0016.jpg,74,0.479056715965271,35.450196981430054
A08_12_13_W_roh.jpeg,4,IMG-20250919-WA0020.jpg,77,0.4597259163856506,35.3988955616951
A08_12_13_W_roh.jpeg,5,IMG_20250717_104525.jpg,79,0.4463184773921966,35.259159713983536
A08_12_15_W_roh.jpeg,1,IMG-20250910-WA0061.jpg,152,0.7849884033203125,119.3182373046875
A08_12_15_W_roh.jpeg,2,A08_18_10_W_roh.jpeg,138,0.8456428647041321,116.69871532917024
A08_12_15_W_roh.jpeg,3,IMG-20250726-WA0011.jpg,56,0.508582353591919,28.48061180114746
A08_12_15_W_roh.jpeg,4,A06_12_01_W_roh.jpeg,58,0.4798217713832855,27.82966274023056
A08_12_15_W_roh.jpeg,5,IMG-20250626-WA0025.jpg,53,0.5239126682281494,27.76737141609192
A08_15_03_W_roh.jpeg,1,A07_09_03_W_roh.jpg,156,0.6708027720451355,104.64523243904114
A08_15_03_W_roh.jpeg,2,A08_15_04_M_roh.jpeg,61,0.5561425089836121,33.924693048000336
A08_15_03_W_roh.jpeg,3,H05_11_06_M_roh.jpeg,49,0.5575970411300659,27.32225501537323
A08_15_03_W_roh.jpeg,4,IMG-20250717-WA0011.jpg,48,0.5627007484436035,27.00963592529297
A08_15_03_W_roh.jpeg,5,H01_17_01_M_roh.jpeg,59,0.4551965892314911,26.85659876465797
A08_15_04_M_roh.jpeg,1,IMG-20250626-WA0025.jpg,150,0.762109100818634,114.3163651227951
A08_15_04_M_roh.jpeg,2,IMG_20250807_104159.jpg,129,0.7486584186553955,96.57693600654602
A08_15_04_M_roh.jpeg,3,IMG-20250626-WA0024.jpg,127,0.7103946805000305,90.22012442350388
A08_15_04_M_roh.jpeg,4,A07_09_03_W_roh.jpg,76,0.4477698802947998,34.030510902404785
A08_15_04_M_roh.jpeg,5,A08_15_03_W_roh.jpeg,61,0.5561425089836121,33.924693048000336
A08_15_05_M_roh.jpeg,1,IMG_20250717_111215.jpg,201,0.8258877992630005,166.0034476518631
A08_15_05_M_roh.jpeg,2,IMG-20250910-WA0062.jpg,160,0.852013885974884,136.32222175598145
A08_15_05_M_roh.jpeg,3,IMG-20250829-WA0022.jpg,83,0.4548974931240082,37.75649192929268
A08_15_05_M_roh.jpeg,4,IMG_20250807_103916.jpg,71,0.5083180665969849,36.090582728385925
A08_15_05_M_roh.jpeg,5,IMG-20250919-WA0009.jpg,74,0.4514675736427307,33.40860044956207
A08_15_06_W_roh.jpeg,1,IMG_20250717_104652.jpg,73,0.4773701727390289,34.84802260994911
A08_15_06_W_roh.jpeg,2,IMG_20250807_103916.jpg,72,0.4457077085971832,32.09095501899719
A08_15_06_W_roh.jpeg,3,A05_18_07_W_roh.jpeg,65,0.4908781349658966,31.90707877278328
A08_15_06_W_roh.jpeg,4,IMG-20250910-WA0017.jpg,63,0.5050243735313416,31.81653553247452
A08_15_06_W_roh.jpeg,5,IMG_20250807_104159.jpg,69,0.4562191069126129,31.47911837697029
A08_15_07_W_roh.jpeg,1,WhatsApp_Bild_2025-09-19_um_12.14.04_40e117ce.jpg,79,0.4953331053256988,39.13131532073021
A08_15_07_W_roh.jpeg,2,IMG-20250910-WA0017.jpg,69,0.5633458495140076,38.87086361646652
A08_15_07_W_roh.jpeg,3,IMG_20250717_104525.jpg,68,0.4603545665740967,31.30411052703857
A08_15_07_W_roh.jpeg,4,H11_20_02_W_roh.jpeg,62,0.5002209544181824,31.013699173927307
A08_15_07_W_roh.jpeg,5,IMG-20250919-WA0020.jpg,60,0.506295382976532,30.37772297859192
A08_15_14_W_roh.jpeg,1,A08_12_13_W_roh.jpeg,118,0.7157043218612671,84.45310997962952
A08_15_14_W_roh.jpeg,2,IMG_20250717_104317.jpg,63,0.5153498649597168,32.46704149246216
A08_15_14_W_roh.jpeg,3,IMG_20250717_104525.jpg,63,0.4422129094600677,27.859413295984268
A08_15_14_W_roh.jpeg,4,A05_12_03_W_roh.jpeg,52,0.5243460536003113,27.265994787216187
A08_15_14_W_roh.jpeg,5,WhatsApp_Bild_2025-07-31_um_14.06.15_96d8cd99.jpg,48,0.5551740527153015,26.648354530334476
A08_15_17_M_roh.jpeg,1,A07_17_06_W_roh.jpg,50,0.4450518190860748,22.25259095430374
A08_15_17_M_roh.jpeg,2,A08_18_19_W_roh.jpeg,39,0.5212563276290894,20.328996777534485
A08_15_17_M_roh.jpeg,3,IMG-20250829-WA0024.jpg,41,0.442766785621643,18.15343821048737
A08_15_17_M_roh.jpeg,4,A06_15_03_W_roh.jpeg,34,0.5312073826789856,18.06105101108551
A08_15_17_M_roh.jpeg,5,IMG-20250626-WA0011.jpg,40,0.4495041370391845,17.980165481567383
A08_15_19_M_roh.jpeg,1,IMG_20250807_105223.jpg,149,0.8204168677330017,122.24211329221724
A08_15_19_M_roh.jpeg,2,IMG_20250515_121011.jpg,76,0.5799228549003601,44.07413697242737
A08_15_19_M_roh.jpeg,3,IMG_20250717_104317.jpg,77,0.5303733944892883,40.8387513756752
A08_15_19_M_roh.jpeg,4,IMG-20250919-WA0016.jpg,77,0.5267069935798645,40.55643850564957
A08_15_19_M_roh.jpeg,5,WhatsApp_Bild_2025-09-19_um_12.14.04_40e117ce.jpg,77,0.4831359684467315,37.20146957039833
A08_15_21_M_roh.jpeg,1,IMG-20250910-WA0064.jpg,117,0.6299035549163818,73.69871592521667
A08_15_21_M_roh.jpeg,2,A08_18_02_W_roh.jpeg,53,0.5445946455001831,28.863516211509705
A08_15_21_M_roh.jpeg,3,A04_15_04_M_roh.jpeg,65,0.4376576840877533,28.447749465703964
A08_15_21_M_roh.jpeg,4,IMG-20250626-WA0011.jpg,40,0.5149109363555908,20.596437454223636
A08_15_21_M_roh.jpeg,5,IMG_20250807_104159.jpg,37,0.5278415083885193,19.530135810375214
A08_17_17_W_roh.jpg,1,A04_17_01_W_roh.jpg,97,0.5177586078643799,50.22258496284485
A08_17_17_W_roh.jpg,2,A06_08_04_W_roh.jpg,79,0.4097157418727875,32.36754360795021
A08_17_17_W_roh.jpg,3,A08_18_18_W_roh.jpeg,67,0.4779279828071594,32.02117484807968
A08_17_17_W_roh.jpg,4,A06_15_03_W_roh.jpeg,65,0.4809029102325439,31.25868916511536
A08_17_17_W_roh.jpg,5,A08_09_39_W_roh.jpg,58,0.4479367434978485,25.980331122875214
A08_18_01_M_roh.jpeg,1,IMG_20250717_113633.jpg,233,0.8599086999893188,200.3587270975113
A08_18_01_M_roh.jpeg,2,IMG_20250807_103916.jpg,77,0.5152269005775452,39.67247134447098
A08_18_01_M_roh.jpeg,3,IMG-20250919-WA0021.jpg,69,0.5489225387573242,37.87565517425537
A08_18_01_M_roh.jpeg,4,IMG-20250919-WA0020.jpg,75,0.4894863069057464,36.71147301793098
A08_18_01_M_roh.jpeg,5,IMG-20250919-WA0019.jpg,73,0.4787739217281341,34.95049628615379
A08_18_02_W_roh.jpeg,1,A08_15_21_M_roh.jpeg,53,0.5445946455001831,28.863516211509705
A08_18_02_W_roh.jpeg,2,H01_17_03_W_roh.jpeg,58,0.4482344686985016,25.99759918451309
A08_18_02_W_roh.jpeg,3,A08_18_22_W_roh.jpeg,54,0.4552604556083679,24.584064602851868
A08_18_02_W_roh.jpeg,4,IMG-20250607-WA0006.jpg,46,0.5233554840087891,24.074352264404297
A08_18_02_W_roh.jpeg,5,IMG-20250716-WA0011.jpg,38,0.5505149364471436,20.91956758499145
A08_18_03_W_roh.jpeg,1,IMG_20250717_112327.jpg,206,0.772627592086792,159.16128396987915
A08_18_03_W_roh.jpeg,2,A08_18_01_M_roh.jpeg,61,0.5670838356018066,34.592113971710205
A08_18_03_W_roh.jpeg,3,IMG_20250515_113414.jpg,65,0.4875730574131012,31.692248731851578
A08_18_03_W_roh.jpeg,4,IMG-20250910-WA0018.jpg,59,0.5075904130935669,29.947834372520447
A08_18_03_W_roh.jpeg,5,IMG-20250620-WA0039.jpg,53,0.5383731722831726,28.533778131008148
A08_18_04_W_roh.jpeg,1,IMG_20250501_133055.jpg,137,0.6558980345726013,89.85803073644638
A08_18_04_W_roh.jpeg,2,IMG-20250607-WA0003.jpg,83,0.4592253267765045,38.11570212244988
A08_18_04_W_roh.jpeg,3,IMG_20250807_104825.jpg,73,0.4927235543727875,35.968819469213486
A08_18_04_W_roh.jpeg,4,IMG-20250919-WA0014.jpg,63,0.5176965594291687,32.61488324403763
A08_18_04_W_roh.jpeg,5,IMG-20250607-WA0006.jpg,64,0.5086874961853027,32.555999755859375
A08_18_05_W_roh.jpeg,1,A08_09_35_W_roh.jpg,167,0.7286103963851929,121.6779361963272
A08_18_05_W_roh.jpeg,2,IMG_20250717_113844.jpg,82,0.5476198792457581,44.90483009815216
A08_18_05_W_roh.jpeg,3,IMG_20250717_104525.jpg,93,0.4639032781124115,43.14300486445427
A08_18_05_W_roh.jpeg,4,IMG-20250919-WA0019.jpg,80,0.4946014583110809,39.56811666488648
A08_18_05_W_roh.jpeg,5,IMG_20250717_113156.jpg,80,0.4887216687202453,39.09773349761963
A08_18_06_W_roh.jpeg,1,A08_06_02_SA_roh.jpeg,117,0.687371551990509,80.42247158288956
A08_18_06_W_roh.jpeg,2,A06_12_04_W_roh.jpeg,52,0.6212577223777771,32.30540156364441
A08_18_06_W_roh.jpeg,3,IMG-20250726-WA0007.jpg,60,0.4793435633182525,28.760613799095157
A08_18_06_W_roh.jpeg,4,IMG_20250501_133055.jpg,58,0.4846715033054352,28.11094719171524
A08_18_06_W_roh.jpeg,5,IMG_20250807_105820.jpg,63,0.444254457950592,27.9880308508873
A08_18_08_M_roh.jpeg,1,A06_17_01_M_roh_-_Kopie.jpg,64,0.4198014140129089,26.86729049682617
A08_18_08_M_roh.jpeg,2,IMG_20250807_105223.jpg,51,0.4922082126140594,25.102618843317032
A08_18_08_M_roh.jpeg,3,IMG-20250717-WA0013.jpg,47,0.5275307893753052,24.793947100639343
A08_18_08_M_roh.jpeg,4,IMG-20250910-WA0018.jpg,50,0.480837881565094,24.0418940782547
A08_18_08_M_roh.jpeg,5,IMG_20250717_104317.jpg,52,0.4573346078395843,23.781399607658383
A08_18_09_M_roh.jpeg,1,A06_18_04_W_roh.jpeg,61,0.5388820171356201,32.87180304527283
A08_18_09_M_roh.jpeg,2,A08_15_04_M_roh.jpeg,63,0.4699235558509826,29.605184018611908
A08_18_09_M_roh.jpeg,3,IMG_20250501_132350.jpg,52,0.4856860637664795,25.255675315856934
A08_18_09_M_roh.jpeg,4,A06_12_01_W_roh.jpeg,46,0.5440087914466858,25.024404406547543
A08_18_09_M_roh.jpeg,5,IMG-20250626-WA0025.jpg,55,0.4454289972782135,24.498594850301743
A08_18_10_W_roh.jpeg,1,IMG-20250910-WA0061.jpg,207,0.8391679525375366,173.70776617527008
A08_18_10_W_roh.jpeg,2,A08_12_15_W_roh.jpeg,138,0.8456428647041321,116.69871532917024
A08_18_10_W_roh.jpeg,3,IMG-20250716-WA0016.jpg,86,0.506406307220459,43.55094242095947
A08_18_10_W_roh.jpeg,4,IMG-20250626-WA0025.jpg,80,0.5002604722976685,40.02083778381348
A08_18_10_W_roh.jpeg,5,A05_18_07_W_roh.jpeg,62,0.5595607757568359,34.69276809692383
A08_18_12_W_roh.jpeg,1,A06_14_02_W_roh.jpg,62,0.5399150848388672,33.474735260009766
A08_18_12_W_roh.jpeg,2,IMG-20250626-WA0009.jpg,46,0.5241144299507141,24.10926377773285
A08_18_12_W_roh.jpeg,3,IMG-20250829-WA0022.jpg,45,0.504248857498169,22.691198587417603
A08_18_12_W_roh.jpeg,4,WhatsApp_Bild_2025-09-19_um_12.14.04_40e117ce.jpg,56,0.4050219655036926,22.681230068206787
A08_18_12_W_roh.jpeg,5,A06_12_01_W_roh.jpeg,50,0.4515819549560547,22.57909774780273
A08_18_13_W_roh.jpeg,1,A06_12_01_W_roh.jpeg,63,0.490455150604248,30.898674488067627
A08_18_13_W_roh.jpeg,2,AT01_03_04_M_roh.jpeg,57,0.5179732441902161,29.52447491884232
A08_18_13_W_roh.jpeg,3,IMG-20250626-WA0025.jpg,58,0.499040424823761,28.944344639778137
A08_18_13_W_roh.jpeg,4,IMG_20250501_133055.jpg,57,0.472135454416275,26.91172090172768
A08_18_13_W_roh.jpeg,5,A08_15_04_M_roh.jpeg,48,0.5452072024345398,26.16994571685791
A08_18_14_M_roh.jpeg,1,IMG_20250807_103916.jpg,160,0.8293342590332031,132.6934814453125
A08_18_14_M_roh.jpeg,2,IMG_20250717_113844.jpg,78,0.519730806350708,40.539002895355225
A08_18_14_M_roh.jpeg,3,IMG-20250910-WA0027.jpg,71,0.5153788924217224,36.59190136194229
A08_18_14_M_roh.jpeg,4,IMG-20250910-WA0030.jpg,72,0.4942416250705719,35.58539700508118
A08_18_14_M_roh.jpeg,5,IMG-20250829-WA0022.jpg,74,0.4492013454437256,33.24089956283569
A08_18_17_W_roh.jpeg,1,A08_15_06_W_roh.jpeg,42,0.4981037378311157,20.92035698890686
A08_18_17_W_roh.jpeg,2,A08_12_05_W_roh.jpeg,41,0.4517988264560699,18.523751884698868
A08_18_17_W_roh.jpeg,3,H11_20_01_W_roh.jpeg,34,0.5010419487953186,17.035426259040833
A08_18_17_W_roh.jpeg,4,A06_15_03_W_roh.jpeg,30,0.5618708729743958,16.856126189231873
A08_18_17_W_roh.jpeg,5,A08_15_21_M_roh.jpeg,31,0.468006819486618,14.50821140408516
A08_18_18_W_roh.jpeg,1,A06_08_04_W_roh.jpg,77,0.4689820408821106,36.11161714792252
A08_18_18_W_roh.jpeg,2,A08_17_17_W_roh.jpg,67,0.4779279828071594,32.02117484807968
A08_18_18_W_roh.jpeg,3,IMG_20250807_104159.jpg,59,0.4704885184764862,27.75882259011269
A08_18_18_W_roh.jpeg,4,A08_09_39_W_roh.jpg,66,0.3846921324729919,25.38968074321747
A08_18_18_W_roh.jpeg,5,A04_12_04_W_roh.jpeg,62,0.4051647186279297,25.12021255493164
A08_18_19_W_roh.jpeg,1,A04_17_01_W_roh.jpg,214,0.8346794843673706,178.6214096546173
A08_18_19_W_roh.jpeg,2,H05_10_01_W_roh.jpeg,41,0.5156261324882507,21.14067143201828
A08_18_19_W_roh.jpeg,3,A08_15_17_M_roh.jpeg,39,0.5212563276290894,20.328996777534485
A08_18_19_W_roh.jpeg,4,A08_15_06_W_roh.jpeg,42,0.4588918387889862,19.27345722913742
A08_18_19_W_roh.jpeg,5,IMG_20250717_123656.jpg,38,0.4942169189453125,18.780242919921875
A08_18_20_W_roh.jpeg,1,IMG-20250626-WA0011.jpg,64,0.5467574596405029,34.99247741699219
A08_18_20_W_roh.jpeg,2,IMG-20250829-WA0018.jpg,62,0.5433300137519836,33.686460852622986
A08_18_20_W_roh.jpeg,3,IMG-20250626-WA0025.jpg,66,0.5026508569717407,33.17495656013489
A08_18_20_W_roh.jpeg,4,IMG_20250717_104317.jpg,67,0.4675507545471191,31.325900554656982
A08_18_20_W_roh.jpeg,5,IMG-20250919-WA0009.jpg,60,0.5181533694267273,31.08920216560364
A08_18_21_M_roh.jpeg,1,IMG-20250919-WA0021.jpg,214,0.8007901310920715,171.3690880537033
A08_18_21_M_roh.jpeg,2,IMG_20250501_132350.jpg,82,0.553974986076355,45.42594885826111
A08_18_21_M_roh.jpeg,3,IMG_20250717_113156.jpg,73,0.5400540232658386,39.42394369840622
A08_18_21_M_roh.jpeg,4,IMG-20250829-WA0022.jpg,71,0.520011842250824,36.9208407998085
A08_18_21_M_roh.jpeg,5,IMG-20250717-WA0013.jpg,68,0.5337927937507629,36.29790997505188
A08_18_22_W_roh.jpeg,1,A04_15_06_M_roh.jpeg,51,0.540023922920227,27.54122006893158
A08_18_22_W_roh.jpeg,2,H01_14_03_M_roh.jpeg,51,0.5366206169128418,27.36765146255493
A08_18_22_W_roh.jpeg,3,A08_18_02_W_roh.jpeg,54,0.4552604556083679,24.584064602851868
A08_18_22_W_roh.jpeg,4,IMG_20250717_110833.jpg,46,0.5227982997894287,24.04872179031372
A08_18_22_W_roh.jpeg,5,IMG-20250626-WA0025.jpg,40,0.5933433771133423,23.73373508453369
A08_18_23_W_roh.jpeg,1,IMG-20250607-WA0007.jpg,84,0.5723279714584351,48.07554960250855
A08_18_23_W_roh.jpeg,2,A06_17_04_W_roh.jpg,53,0.544461190700531,28.856443107128143
A08_18_23_W_roh.jpeg,3,IMG_20250501_132115.jpg,55,0.5149446725845337,28.321956992149357
A08_18_23_W_roh.jpeg,4,A05_21_01_W_roh.jpeg,55,0.504576563835144,27.75171101093292
A08_18_23_W_roh.jpeg,5,H01_17_01_M_roh.jpeg,49,0.5263984799385071,25.793525516986847
AT01_03_01_W_roh.jpeg,1,A05_12_03_W_roh.jpeg,65,0.5285550355911255,34.35607731342316
AT01_03_01_W_roh.jpeg,2,IMG-20250910-WA0018.jpg,61,0.5203703045845032,31.742588579654694
AT01_03_01_W_roh.jpeg,3,IMG-20250910-WA0062.jpg,62,0.4776871502399444,29.61660331487656
AT01_03_01_W_roh.jpeg,4,A06_15_02_W_roh.jpeg,52,0.5587164759635925,29.05325675010681
AT01_03_01_W_roh.jpeg,5,IMG-20250829-WA0022.jpg,52,0.5440784692764282,28.292080402374268
AT01_03_02_W_roh.jpeg,1,IMG-20250620-WA0042.jpg,75,0.4966787695884704,37.25090771913528
AT01_03_02_W_roh.jpeg,2,IMG-20250626-WA0015.jpg,70,0.4569039642810821,31.98327749967575
AT01_03_02_W_roh.jpeg,3,IMG-20250607-WA0007.jpg,56,0.5276374816894531,29.54769897460937
AT01_03_02_W_roh.jpeg,4,A07_09_02_W_roh.jpg,64,0.4601262211799621,29.448078155517575
AT01_03_02_W_roh.jpeg,5,IMG_20250717_113156.jpg,67,0.4341336190700531,29.08695247769356
AT01_03_04_M_roh.jpeg,1,IMG-20250626-WA0014.jpg,71,0.5038658380508423,35.7744745016098
AT01_03_04_M_roh.jpeg,2,A08_06_10_M_roh.jpeg,62,0.557338535785675,34.55498921871185
AT01_03_04_M_roh.jpeg,3,IMG_20250501_132350.jpg,62,0.5094674825668335,31.58698391914368
AT01_03_04_M_roh.jpeg,4,IMG_20250717_105046.jpg,68,0.4624991118907928,31.449939608573917
AT01_03_04_M_roh.jpeg,5,A08_18_14_M_roh.jpeg,60,0.5237360000610352,31.42416000366211
AT01_06_03_W_roh.jpeg,1,IMG-20250919-WA0021.jpg,88,0.4866445958614349,42.824724435806274
AT01_06_03_W_roh.jpeg,2,IMG-20250717-WA0012.jpg,68,0.480948269367218,32.704482316970825
AT01_06_03_W_roh.jpeg,3,IMG-20250626-WA0016.jpg,65,0.4940811693668365,32.115276008844376
AT01_06_03_W_roh.jpeg,4,IMG_20250717_113844.jpg,67,0.4724325537681579,31.652981102466583
AT01_06_03_W_roh.jpeg,5,A08_18_21_M_roh.jpeg,62,0.5040998458862305,31.25419044494629
H01_07_01_M_roh.jpeg,1,IMG-20250626-WA0020.jpg,70,0.5067189931869507,35.47032952308655
H01_07_01_M_roh.jpeg,2,IMG-20250626-WA0016.jpg,65,0.4786814153194427,31.11429199576378
H01_07_01_M_roh.jpeg,3,IMG-20250910-WA0018.jpg,53,0.5723328590393066,30.33364152908325
H01_07_01_M_roh.jpeg,4,A08_06_02_SA_roh.jpeg,54,0.5435126423835754,29.349682688713077
H01_07_01_M_roh.jpeg,5,A05_18_06_W_roh.jpeg,57,0.5013905167579651,28.57925945520401
H01_14_03_M_roh.jpeg,1,IMG-20250919-WA0009.jpg,64,0.5752825736999512,36.81808471679688
H01_14_03_M_roh.jpeg,2,A04_12_02_M_roh.jpeg,60,0.5069348216056824,30.416089296340942
H01_14_03_M_roh.jpeg,3,H01_17_03_W_roh.jpeg,57,0.5253803730010986,29.946681261062626
H01_14_03_M_roh.jpeg,4,IMG-20250910-WA0029.jpg,59,0.5024662613868713,29.64550942182541
H01_14_03_M_roh.jpeg,5,A06_17_01_M_roh_-_Kopie.jpg,56,0.5020363926887512,28.11403799057007
H01_17_01_M_roh.jpeg,1,IMG_20250501_132115.jpg,74,0.4796150028705597,35.49151021242142
H01_17_01_M_roh.jpeg,2,A07_08_03_W_roh.jpg,55,0.5086076259613037,27.973419427871704
H01_17_01_M_roh.jpeg,3,A08_12_15_W_roh.jpeg,54,0.507780909538269,27.42016911506653
H01_17_01_M_roh.jpeg,4,A08_15_03_W_roh.jpeg,59,0.4551965892314911,26.85659876465797
H01_17_01_M_roh.jpeg,5,A08_18_23_W_roh.jpeg,49,0.5263984799385071,25.793525516986847
H01_17_02_M_roh.jpeg,1,IMG_20250717_104525.jpg,101,0.4497876167297363,45.42854928970337
H01_17_02_M_roh.jpeg,2,IMG-20250626-WA0003.jpg,91,0.497188538312912,45.24415698647499
H01_17_02_M_roh.jpeg,3,IMG-20250919-WA0021.jpg,83,0.4590464532375335,38.100855618715286
H01_17_02_M_roh.jpeg,4,IMG_20250717_113844.jpg,83,0.4510370194911957,37.43607261776924
H01_17_02_M_roh.jpeg,5,A08_15_19_M_roh.jpeg,62,0.5798192024230957,35.948790550231934
H01_17_03_W_roh.jpeg,1,IMG-20250919-WA0009.jpg,69,0.5439713597297668,37.53402382135391
H01_17_03_W_roh.jpeg,2,IMG_20250717_113844.jpg,73,0.5082246661186218,37.10040062665939
H01_17_03_W_roh.jpeg,3,IMG-20250829-WA0017.jpg,67,0.4926985502243042,33.01080286502838
H01_17_03_W_roh.jpeg,4,IMG_20250717_111215.jpg,62,0.5110551118850708,31.68541693687439
H01_17_03_W_roh.jpeg,5,IMG-20250919-WA0011.jpg,65,0.4803310632705688,31.22151911258697
H05_07_06_W_roh.jpeg,1,H05_10_01_W_roh.jpeg,135,0.8309993147850037,112.1849074959755
H05_07_06_W_roh.jpeg,2,IMG_20250717_104525.jpg,59,0.5020651817321777,29.621845722198486
H05_07_06_W_roh.jpeg,3,IMG-20250910-WA0016.jpg,55,0.4996230900287628,27.479269951581955
H05_07_06_W_roh.jpeg,4,H01_17_02_M_roh.jpeg,53,0.5151852965354919,27.304820716381077
H05_07_06_W_roh.jpeg,5,WhatsApp_Bild_2025-09-26_um_10.50.58_1a5f4434.jpg,55,0.4953122138977051,27.24217176437378
H05_08_07_W_roh.jpeg,1,H05_11_06_M_roh.jpeg,66,0.5239585041999817,34.58126127719879
H05_08_07_W_roh.jpeg,2,IMG-20250910-WA0018.jpg,57,0.5580000281333923,31.806001603603363
H05_08_07_W_roh.jpeg,3,IMG-20250919-WA0016.jpg,63,0.4782385230064392,30.12902694940567
H05_08_07_W_roh.jpeg,4,IMG-20250829-WA0022.jpg,64,0.4656276106834411,29.800167083740234
H05_08_07_W_roh.jpeg,5,IMG_20250717_104652.jpg,62,0.4767713546752929,29.559823989868164
H05_10_01_W_roh.jpeg,1,H05_07_06_W_roh.jpeg,135,0.8309993147850037,112.1849074959755
H05_10_01_W_roh.jpeg,2,IMG-20250829-WA0020.jpg,69,0.4745275676250458,32.74240216612816
H05_10_01_W_roh.jpeg,3,A06_03_01_M_roh.jpeg,59,0.5352552533149719,31.580059945583344
H05_10_01_W_roh.jpeg,4,IMG-20250626-WA0009.jpg,60,0.5129497051239014,30.77698230743408
H05_10_01_W_roh.jpeg,5,IMG_20250717_113633.jpg,60,0.4949776530265808,29.69865918159485
H05_10_02_M_roh.jpeg,1,A06_14_02_W_roh.jpg,65,0.550604522228241,35.78929394483566
H05_10_02_M_roh.jpeg,2,IMG-20250626-WA0016.jpg,65,0.5378826260566711,34.962370693683624
H05_10_02_M_roh.jpeg,3,A08_18_14_M_roh.jpeg,64,0.516990065574646,33.087364196777344
H05_10_02_M_roh.jpeg,4,IMG-20250717-WA0012.jpg,64,0.4747757315635681,30.38564682006836
H05_10_02_M_roh.jpeg,5,H05_11_40_M_roh.jpeg,64,0.4475211501121521,28.64135360717773
H05_10_17_W_roh.jpeg,1,IMG-20250726-WA0009.jpg,54,0.5244176387786865,28.318552494049072
H05_10_17_W_roh.jpeg,2,IMG-20250726-WA0007.jpg,46,0.5360414981842041,24.65790891647339
H05_10_17_W_roh.jpeg,3,IMG-20250910-WA0029.jpg,51,0.4775092005729675,24.352969229221344
H05_10_17_W_roh.jpeg,4,IMG-20250919-WA0020.jpg,55,0.438749611377716,24.131228625774384
H05_10_17_W_roh.jpeg,5,A08_15_06_W_roh.jpeg,50,0.4731698632240295,23.65849316120148
H05_11_05_M_roh.jpeg,1,IMG-20250910-WA0018.jpg,52,0.5465294122695923,28.4195294380188
H05_11_05_M_roh.jpeg,2,A08_12_15_W_roh.jpeg,42,0.5663200616836548,23.7854425907135
H05_11_05_M_roh.jpeg,3,H05_11_41_M_roh.jpeg,46,0.5100677609443665,23.463117003440857
H05_11_05_M_roh.jpeg,4,IMG-20250626-WA0011.jpg,46,0.5064508318901062,23.296738266944885
H05_11_05_M_roh.jpeg,5,H05_10_01_W_roh.jpeg,45,0.5112307667732239,23.005384504795074
H05_11_06_M_roh.jpeg,1,H05_08_07_W_roh.jpeg,66,0.5239585041999817,34.58126127719879
H05_11_06_M_roh.jpeg,2,A08_18_04_W_roh.jpeg,66,0.4882968664169311,32.227593183517456
H05_11_06_M_roh.jpeg,3,IMG_20250501_133055.jpg,62,0.5043948888778687,31.272483110427856
H05_11_06_M_roh.jpeg,4,IMG-20250919-WA0020.jpg,62,0.4868888854980469,30.187110900878903
H05_11_06_M_roh.jpeg,5,IMG_20250501_132115.jpg,65,0.4502334594726562,29.265174865722656
H05_11_07_W_roh.jpeg,1,A06_17_02_W__roh.jpg,70,0.5503075122833252,38.52152585983277
H05_11_07_W_roh.jpeg,2,IMG-20250607-WA0006.jpg,63,0.5333200097084045,33.599160611629486
H05_11_07_W_roh.jpeg,3,IMG_20250501_132350.jpg,63,0.5277349352836609,33.24730092287064
H05_11_07_W_roh.jpeg,4,A06_12_01_W_roh.jpeg,60,0.5510756373405457,33.06453824043274
H05_11_07_W_roh.jpeg,5,A06_15_02_W_roh.jpeg,64,0.5131950378417969,32.844482421875
H05_11_40_M_roh.jpeg,1,IMG-20250919-WA0009.jpg,92,0.450652927160263,41.4600692987442
H05_11_40_M_roh.jpeg,2,IMG-20250626-WA0020.jpg,69,0.4669581055641174,32.2201092839241
H05_11_40_M_roh.jpeg,3,IMG-20250717-WA0013.jpg,66,0.4410561621189117,29.10970669984817
H05_11_40_M_roh.jpeg,4,H05_10_02_M_roh.jpeg,64,0.4475211501121521,28.64135360717773
H05_11_40_M_roh.jpeg,5,IMG-20250607-WA0007.jpg,58,0.4928435385227203,28.58492523431778
H05_11_41_M_roh.jpeg,1,IMG_20250807_103916.jpg,77,0.4694449603557586,36.14726194739342
H05_11_41_M_roh.jpeg,2,IMG_20250717_104317.jpg,75,0.4794848263263702,35.96136197447777
H05_11_41_M_roh.jpeg,3,IMG_20250717_113844.jpg,71,0.4994368255138397,35.46001461148262
H05_11_41_M_roh.jpeg,4,WhatsApp_Bild_2025-07-31_um_14.06.15_96d8cd99.jpg,58,0.5597796440124512,32.46721935272217
H05_11_41_M_roh.jpeg,5,IMG_20250515_113414.jpg,57,0.5560189485549927,31.693080067634583
H11_20_01_W_roh.jpeg,1,IMG-20250919-WA0009.jpg,86,0.4724886119365692,40.63402062654495
H11_20_01_W_roh.jpeg,2,IMG_20250807_105820.jpg,71,0.5018021464347839,35.62795239686966
H11_20_01_W_roh.jpeg,3,IMG_20250717_104525.jpg,68,0.5077295303344727,34.52560806274414
H11_20_01_W_roh.jpeg,4,IMG-20250626-WA0016.jpg,65,0.4793518781661987,31.15787208080292
H11_20_01_W_roh.jpeg,5,IMG_20250717_113633.jpg,66,0.4715192019939422,31.12026733160019
H11_20_02_W_roh.jpeg,1,IMG_20250717_104317.jpg,78,0.4581639170646667,35.736785531044006
H11_20_02_W_roh.jpeg,2,IMG-20250626-WA0011.jpg,63,0.5263293385505676,33.15874832868576
H11_20_02_W_roh.jpeg,3,IMG-20250626-WA0021.jpg,69,0.4646710455417633,32.06230214238167
H11_20_02_W_roh.jpeg,4,IMG-20250829-WA0024.jpg,69,0.4554954171180725,31.429183781147003
H11_20_02_W_roh.jpeg,5,A08_15_07_W_roh.jpeg,62,0.5002209544181824,31.013699173927307
H12_04_02_M_roh.jpg,1,A07_08_04_M_roh.jpg,81,0.4396733343601227,35.61354008316994
H12_04_02_M_roh.jpg,2,IMG-20250829-WA0017.jpg,46,0.5286352038383484,24.317219376564022
H12_04_02_M_roh.jpg,3,IMG-20250919-WA0008.jpg,53,0.4542834460735321,24.0770226418972
H12_04_02_M_roh.jpg,4,IMG-20250626-WA0015.jpg,50,0.435791552066803,21.78957760334015
H12_04_02_M_roh.jpg,5,A06_12_04_W_roh.jpeg,47,0.4605399370193481,21.645377039909363
H12_06_03_M_roh.jpg,1,H05_10_02_M_roh.jpeg,50,0.502387523651123,25.119376182556152
H12_06_03_M_roh.jpg,2,A08_18_18_W_roh.jpeg,38,0.5219584703445435,19.83442187309265
H12_06_03_M_roh.jpg,3,A08_15_06_W_roh.jpeg,36,0.5363541841506958,19.30875062942505
H12_06_03_M_roh.jpg,4,A08_15_05_M_roh.jpeg,36,0.5215244293212891,18.774879455566406
H12_06_03_M_roh.jpg,5,A04_17_02_W_roh.jpg,37,0.5032839179039001,18.621504962444305
H12_07_01_M_roh.jpeg,1,IMG-20250919-WA0019.jpg,75,0.4380132257938385,32.85099193453789
H12_07_01_M_roh.jpeg,2,IMG_20250807_103916.jpg,60,0.5374943614006042,32.249661684036255
H12_07_01_M_roh.jpeg,3,A07_18_01_W_roh.jpeg,61,0.4962562024593353,30.27162835001945
H12_07_01_M_roh.jpeg,4,IMG-20250829-WA0024.jpg,58,0.4812836050987243,27.914449095726013
H12_07_01_M_roh.jpeg,5,A08_15_07_W_roh.jpeg,48,0.5201296806335449,24.96622467041016
IMG-20250607-WA0003.jpg,1,IMG-20250607-WA0006.jpg,348,0.8820058107376099,306.93802213668823
IMG-20250607-WA0003.jpg,2,A06_15_02_W_roh.jpeg,259,0.8196724653244019,212.29516851902008
IMG-20250607-WA0003.jpg,3,A06_17_02_W__roh.jpg,256,0.8197000026702881,209.84320068359372
IMG-20250607-WA0003.jpg,4,A06_12_01_W_roh.jpeg,226,0.8458395600318909,191.1597405672073
IMG-20250607-WA0003.jpg,5,IMG-20250910-WA0023.jpg,80,0.5276514291763306,42.212114334106445
IMG-20250607-WA0006.jpg,1,IMG-20250607-WA0003.jpg,348,0.8820058107376099,306.93802213668823
IMG-20250607-WA0006.jpg,2,A06_15_02_W_roh.jpeg,257,0.7475529909133911,192.12111866474152
IMG-20250607-WA0006.jpg,3,A06_17_02_W__roh.jpg,233,0.7473397254943848,174.13015604019165
IMG-20250607-WA0006.jpg,4,A06_12_01_W_roh.jpeg,214,0.7784998416900635,166.59896612167358
IMG-20250607-WA0006.jpg,5,IMG-20250829-WA0024.jpg,96,0.4469334483146667,42.90561103820801
IMG-20250607-WA0007.jpg,1,A08_18_23_W_roh.jpeg,84,0.5723279714584351,48.07554960250855
IMG-20250607-WA0007.jpg,2,IMG-20250910-WA0030.jpg,80,0.4977383613586426,39.819068908691406
IMG-20250607-WA0007.jpg,3,IMG-20250910-WA0015.jpg,77,0.5141250491142273,39.5876287817955
IMG-20250607-WA0007.jpg,4,IMG_20250807_105223.jpg,72,0.4788881838321686,34.47994923591614
IMG-20250607-WA0007.jpg,5,IMG_20250717_113633.jpg,77,0.447346419095993,34.445674270391464
IMG-20250620-WA0039.jpg,1,IMG-20250620-WA0042.jpg,266,0.8277765512466431,220.18856263160703
IMG-20250620-WA0039.jpg,2,IMG-20250717-WA0013.jpg,96,0.4450182318687439,42.72175025939941
IMG-20250620-WA0039.jpg,3,A06_17_02_W__roh.jpg,80,0.5197769999504089,41.58215999603272
IMG-20250620-WA0039.jpg,4,IMG-20250716-WA0016.jpg,84,0.4890572726726532,41.08081090450287
IMG-20250620-WA0039.jpg,5,IMG-20250626-WA0021.jpg,82,0.493322879076004,40.45247608423233
IMG-20250620-WA0041.jpg,1,IMG_20250717_111516.jpg,86,0.4709440767765045,40.50119060277939
IMG-20250620-WA0041.jpg,2,IMG-20250626-WA0016.jpg,78,0.4489367604255676,35.017067313194275
IMG-20250620-WA0041.jpg,3,A08_18_05_W_roh.jpeg,73,0.4576143324375152,33.405846267938614
IMG-20250620-WA0041.jpg,4,IMG-20250620-WA0039.jpg,64,0.4922874867916107,31.50639915466309
IMG-20250620-WA0041.jpg,5,A07_09_02_W_roh.jpg,63,0.4903377592563629,30.891278833150864
IMG-20250620-WA0042.jpg,1,IMG-20250620-WA0039.jpg,266,0.8277765512466431,220.18856263160703
IMG-20250620-WA0042.jpg,2,IMG-20250626-WA0020.jpg,93,0.4989023506641388,46.39791861176491
IMG-20250620-WA0042.jpg,3,IMG_20250717_111516.jpg,95,0.4358981251716614,41.41032189130783
IMG-20250620-WA0042.jpg,4,IMG_20250717_113844.jpg,94,0.431449830532074,40.55628407001496
IMG-20250620-WA0042.jpg,5,A06_03_02_W_roh.jpeg,67,0.598624587059021,40.10784733295441
IMG-20250626-WA0002.jpg,1,IMG-20250626-WA0004.jpg,311,0.8866510391235352,275.74847316741943
IMG-20250626-WA0002.jpg,2,IMG-20250717-WA0013.jpg,81,0.5168562531471252,41.865356504917145
IMG-20250626-WA0002.jpg,3,IMG_20250717_104525.jpg,88,0.4690244197845459,41.27414894104004
IMG-20250626-WA0002.jpg,4,IMG-20250910-WA0017.jpg,81,0.5075426697731018,41.110956251621246
IMG-20250626-WA0002.jpg,5,IMG-20250626-WA0020.jpg,88,0.4523415267467499,39.80605435371399
IMG-20250626-WA0003.jpg,1,H01_17_02_M_roh.jpeg,91,0.497188538312912,45.24415698647499
IMG-20250626-WA0003.jpg,2,IMG-20250717-WA0009.jpg,81,0.5578646659851074,45.1870379447937
IMG-20250626-WA0003.jpg,3,WhatsApp_Bild_2025-09-26_um_10.50.58_1a5f4434.jpg,97,0.4487565755844116,43.52938783168793
IMG-20250626-WA0003.jpg,4,IMG_20250515_114220.jpg,86,0.4903507530689239,42.17016476392746
IMG-20250626-WA0003.jpg,5,IMG-20250829-WA0017.jpg,92,0.4503565430641174,41.4328019618988
IMG-20250626-WA0004.jpg,1,IMG-20250626-WA0002.jpg,311,0.8866510391235352,275.74847316741943
IMG-20250626-WA0004.jpg,2,IMG_20250717_104525.jpg,91,0.4713316857814789,42.89118340611458
IMG-20250626-WA0004.jpg,3,IMG-20250626-WA0025.jpg,96,0.4380780458450317,42.05549240112305
IMG-20250626-WA0004.jpg,4,IMG-20250910-WA0017.jpg,81,0.4820038676261902,39.042313277721405
IMG-20250626-WA0004.jpg,5,IMG-20250717-WA0013.jpg,79,0.4588654041290283,36.25036692619324
IMG-20250626-WA0006.jpg,1,IMG-20250626-WA0015.jpg,57,0.5011469721794128,28.56537741422653
IMG-20250626-WA0006.jpg,2,IMG-20250910-WA0027.jpg,50,0.4977910816669464,24.88955408334732
IMG-20250626-WA0006.jpg,3,A07_08_04_M_roh.jpg,57,0.4258995056152344,24.27627182006836
IMG-20250626-WA0006.jpg,4,A06_15_03_W_roh.jpeg,43,0.5282009243965149,22.71263974905014
IMG-20250626-WA0006.jpg,5,IMG-20250726-WA0007.jpg,41,0.5198084712028503,21.312147319316864
IMG-20250626-WA0007.jpg,1,IMG_20250717_104525.jpg,88,0.478657990694046,42.12190318107605
IMG-20250626-WA0007.jpg,2,IMG_20250717_105046.jpg,86,0.4333885610103607,37.27141624689102
IMG-20250626-WA0007.jpg,3,IMG_20250515_113414.jpg,76,0.4491733908653259,34.13717770576477
IMG-20250626-WA0007.jpg,4,IMG_20250717_112327.jpg,66,0.509874165058136,33.651694893836975
IMG-20250626-WA0007.jpg,5,IMG-20250626-WA0020.jpg,74,0.4437381625175476,32.83662402629852
IMG-20250626-WA0009.jpg,1,IMG-20250626-WA0011.jpg,343,0.909795582294464,312.0598847270012
IMG-20250626-WA0009.jpg,2,IMG_20250717_104317.jpg,106,0.4370356798171997,46.32578206062317
IMG-20250626-WA0009.jpg,3,A07_09_02_W_roh.jpg,89,0.4677689969539642,41.63144072890282
IMG-20250626-WA0009.jpg,4,IMG_20250717_111516.jpg,91,0.4531121551990509,41.23320612311363
IMG-20250626-WA0009.jpg,5,IMG_20250717_113844.jpg,93,0.4418838620185852,41.09519916772842
IMG-20250626-WA0011.jpg,1,IMG-20250626-WA0009.jpg,343,0.909795582294464,312.0598847270012
IMG-20250626-WA0011.jpg,2,IMG_20250717_104317.jpg,89,0.4927643239498138,43.85602483153343
IMG-20250626-WA0011.jpg,3,IMG-20250626-WA0016.jpg,95,0.4525391757488251,42.99122169613838
IMG-20250626-WA0011.jpg,4,IMG-20250919-WA0009.jpg,99,0.4237358272075653,41.949846893548965
IMG-20250626-WA0011.jpg,5,IMG_20250717_104525.jpg,92,0.4333527684211731,39.868454694747925
IMG-20250626-WA0013.jpg,1,IMG_20250807_110659.jpg,237,0.7004038095474243,165.99570286273956
IMG-20250626-WA0013.jpg,2,IMG-20250626-WA0025.jpg,86,0.5010247230529785,43.08812618255615
IMG-20250626-WA0013.jpg,3,IMG-20250919-WA0012.jpg,98,0.4315066039562225,42.28764718770981
IMG-20250626-WA0013.jpg,4,IMG_20250717_111215.jpg,91,0.4570575952529907,41.59224116802216
IMG-20250626-WA0013.jpg,5,A06_03_02_W_roh.jpeg,76,0.4676987528800964,35.54510521888733
IMG-20250626-WA0014.jpg,1,IMG_20250717_104652.jpg,332,0.7851410508155823,260.6668288707733
IMG-20250626-WA0014.jpg,2,IMG-20250626-WA0015.jpg,302,0.7614430785179138,229.95580971241
IMG-20250626-WA0014.jpg,3,A06_12_04_W_roh.jpeg,199,0.8160523176193237,162.39441120624542
IMG-20250626-WA0014.jpg,4,IMG_20250717_113633.jpg,106,0.4713315367698669,49.961142897605896
IMG-20250626-WA0014.jpg,5,IMG-20250626-WA0025.jpg,99,0.4360289871692657,43.16686972975731
IMG-20250626-WA0015.jpg,1,IMG_20250717_104652.jpg,326,0.8010608553886414,261.1458388566971
IMG-20250626-WA0015.jpg,2,IMG-20250626-WA0014.jpg,302,0.7614430785179138,229.95580971241
IMG-20250626-WA0015.jpg,3,A06_12_04_W_roh.jpeg,197,0.8741626143455505,172.21003502607346
IMG-20250626-WA0015.jpg,4,IMG_20250501_132350.jpg,104,0.4629603326320648,48.14787459373474
IMG-20250626-WA0015.jpg,5,IMG-20250717-WA0009.jpg,98,0.4444859325885772,43.55962139368057
IMG-20250626-WA0016.jpg,1,IMG-20250626-WA0020.jpg,413,0.9099169969558716,375.79571974277496
IMG-20250626-WA0016.jpg,2,IMG-20250717-WA0013.jpg,111,0.4369665086269378,48.5032824575901
IMG-20250626-WA0016.jpg,3,IMG-20250919-WA0021.jpg,107,0.4426561295986175,47.36420586705208
IMG-20250626-WA0016.jpg,4,A06_14_02_W_roh.jpg,96,0.4748580455780029,45.58637237548828
IMG-20250626-WA0016.jpg,5,IMG-20250919-WA0016.jpg,100,0.4549837410449981,45.49837410449982
IMG-20250626-WA0020.jpg,1,IMG-20250626-WA0016.jpg,413,0.9099169969558716,375.79571974277496
IMG-20250626-WA0020.jpg,2,A06_18_04_W_roh.jpeg,82,0.6562340259552002,53.811190128326416
IMG-20250626-WA0020.jpg,3,A06_14_02_W_roh.jpg,99,0.4855763614177704,48.07205978035927
IMG-20250626-WA0020.jpg,4,IMG-20250829-WA0022.jpg,97,0.4864881038665771,47.18934607505798
IMG-20250626-WA0020.jpg,5,IMG-20250620-WA0042.jpg,93,0.4989023506641388,46.39791861176491
IMG-20250626-WA0021.jpg,1,IMG-20250620-WA0039.jpg,82,0.493322879076004,40.45247608423233
IMG-20250626-WA0021.jpg,2,IMG_20250717_112327.jpg,85,0.4723640084266662,40.15094071626663
IMG-20250626-WA0021.jpg,3,IMG_20250717_104525.jpg,88,0.4490575790405273,39.517066955566406
IMG-20250626-WA0021.jpg,4,IMG_20250807_104825.jpg,82,0.4772197306156158,39.1320179104805
IMG-20250626-WA0021.jpg,5,IMG_20250717_113633.jpg,75,0.5074656009674072,38.05992007255554
IMG-20250626-WA0022.jpg,1,IMG-20250829-WA0024.jpg,91,0.4264988303184509,38.81139355897904
IMG-20250626-WA0022.jpg,2,IMG_20250717_113633.jpg,82,0.4539271891117096,37.22202950716019
IMG-20250626-WA0022.jpg,3,A07_09_02_W_roh.jpg,84,0.4390341937541961,36.87887227535248
IMG-20250626-WA0022.jpg,4,IMG-20250919-WA0021.jpg,84,0.437050461769104,36.712238788604736
IMG-20250626-WA0022.jpg,5,IMG_20250717_104525.jpg,83,0.4170022010803222,34.61118268966675
IMG-20250626-WA0024.jpg,1,IMG-20250626-WA0025.jpg,260,0.7382822036743164,191.9533729553223
IMG-20250626-WA0024.jpg,2,IMG_20250807_104159.jpg,173,0.7169777750968933,124.03715509176254
IMG-20250626-WA0024.jpg,3,A08_15_04_M_roh.jpeg,127,0.7103946805000305,90.22012442350388
IMG-20250626-WA0024.jpg,4,IMG-20250919-WA0009.jpg,96,0.4641425013542175,44.55768013000488
IMG-20250626-WA0024.jpg,5,IMG-20250910-WA0064.jpg,80,0.5335664749145508,42.68531799316406
IMG-20250626-WA0025.jpg,1,IMG-20250626-WA0024.jpg,260,0.7382822036743164,191.9533729553223
IMG-20250626-WA0025.jpg,2,IMG_20250807_104159.jpg,177,0.6969684958457947,123.36342376470566
IMG-20250626-WA0025.jpg,3,A08_15_04_M_roh.jpeg,150,0.762109100818634,114.3163651227951
IMG-20250626-WA0025.jpg,4,IMG-20250919-WA0012.jpg,110,0.4669069051742553,51.35975956916809
IMG-20250626-WA0025.jpg,5,IMG_20250501_132115.jpg,88,0.5193238854408264,45.700501918792725
IMG-20250716-WA0006.jpg,1,A06_17_02_W__roh.jpg,95,0.5009704232215881,47.59219020605087
IMG-20250716-WA0006.jpg,2,IMG_20250717_104317.jpg,96,0.4581834673881531,43.985612869262695
IMG-20250716-WA0006.jpg,3,IMG-20250717-WA0012.jpg,83,0.4629406929016113,38.42407751083374
IMG-20250716-WA0006.jpg,4,WhatsApp_Bild_2025-09-19_um_12.14.03_02becc24.jpg,77,0.4948093891143799,38.10032296180725
IMG-20250716-WA0006.jpg,5,IMG-20250716-WA0016.jpg,79,0.4450538456439972,35.15925380587578
IMG-20250716-WA0011.jpg,1,IMG-20250626-WA0021.jpg,79,0.455574631690979,35.99039590358734
IMG-20250716-WA0011.jpg,2,IMG_20250717_112327.jpg,77,0.4479506313800812,34.49219861626625
IMG-20250716-WA0011.jpg,3,IMG-20250626-WA0004.jpg,71,0.4846971333026886,34.41349646449089
IMG-20250716-WA0011.jpg,4,IMG_20250807_105820.jpg,67,0.5111645460128784,34.248024582862854
IMG-20250716-WA0011.jpg,5,A05_18_07_W_roh.jpeg,70,0.4665939807891845,32.66157865524292
IMG-20250716-WA0016.jpg,1,A08_18_10_W_roh.jpeg,86,0.506406307220459,43.55094242095947
IMG-20250716-WA0016.jpg,2,IMG-20250717-WA0011.jpg,86,0.5038490891456604,43.3310216665268
IMG-20250716-WA0016.jpg,3,IMG-20250620-WA0039.jpg,84,0.4890572726726532,41.08081090450287
IMG-20250716-WA0016.jpg,4,IMG_20250807_103916.jpg,82,0.4993424713611603,40.94608265161514
IMG-20250716-WA0016.jpg,5,IMG-20250726-WA0007.jpg,84,0.4546412527561188,38.18986523151398
IMG-20250716-WA0022.jpg,1,IMG_20250717_104525.jpg,98,0.5002400875091553,49.02352857589722
IMG-20250716-WA0022.jpg,2,IMG-20250910-WA0029.jpg,85,0.4502622783184051,38.27229365706444
IMG-20250716-WA0022.jpg,3,IMG-20250910-WA0015.jpg,81,0.468140035867691,37.919342905282974
IMG-20250716-WA0022.jpg,4,IMG-20250919-WA0009.jpg,80,0.4411911964416504,35.29529571533203
IMG-20250716-WA0022.jpg,5,IMG-20250626-WA0003.jpg,75,0.4462398290634155,33.467987179756165
IMG-20250717-WA0009.jpg,1,IMG_20250717_104652.jpg,103,0.4675511419773102,48.15776762366295
IMG-20250717-WA0009.jpg,2,IMG-20250626-WA0003.jpg,81,0.5578646659851074,45.1870379447937
IMG-20250717-WA0009.jpg,3,IMG-20250626-WA0015.jpg,98,0.4444859325885772,43.55962139368057
IMG-20250717-WA0009.jpg,4,IMG_20250717_104317.jpg,99,0.4163129031658172,41.21497741341591
IMG-20250717-WA0009.jpg,5,IMG-20250626-WA0014.jpg,85,0.4738295376300812,40.2755106985569
IMG-20250717-WA0011.jpg,1,IMG-20250829-WA0017.jpg,85,0.5763985514640808,48.99387687444687
IMG-20250717-WA0011.jpg,2,IMG-20250910-WA0017.jpg,95,0.5043156743049622,47.909989058971405
IMG-20250717-WA0011.jpg,3,IMG-20250716-WA0016.jpg,86,0.5038490891456604,43.3310216665268
IMG-20250717-WA0011.jpg,4,IMG-20250919-WA0012.jpg,93,0.4613870978355407,42.90900009870529
IMG-20250717-WA0011.jpg,5,IMG_20250501_132350.jpg,93,0.4605041146278381,42.82688266038895
IMG-20250717-WA0012.jpg,1,A06_17_02_W__roh.jpg,93,0.4635252654552459,43.10784968733788
IMG-20250717-WA0012.jpg,2,IMG_20250717_123430.jpg,90,0.4632990658283233,41.6969159245491
IMG-20250717-WA0012.jpg,3,IMG_20250717_111516.jpg,87,0.4692820310592651,40.82753670215607
IMG-20250717-WA0012.jpg,4,IMG_20250717_104525.jpg,90,0.4385260343551636,39.46734309196472
IMG-20250717-WA0012.jpg,5,IMG-20250919-WA0012.jpg,95,0.4129067361354828,39.22613993287087
IMG-20250717-WA0013.jpg,1,IMG_20250501_132350.jpg,112,0.4901319444179535,54.89477777481079
IMG-20250717-WA0013.jpg,2,IMG-20250919-WA0009.jpg,96,0.5078759789466858,48.75609397888184
IMG-20250717-WA0013.jpg,3,IMG-20250626-WA0016.jpg,111,0.4369665086269378,48.5032824575901
IMG-20250717-WA0013.jpg,4,IMG_20250515_114220.jpg,95,0.4814724922180176,45.73988676071167
IMG-20250717-WA0013.jpg,5,IMG-20250910-WA0016.jpg,88,0.5185337066650391,45.63096618652344
IMG-20250717-WA0017.jpg,1,IMG-20250829-WA0013.jpg,267,0.7201149463653564,192.27069067955017
IMG-20250717-WA0017.jpg,2,IMG_20250717_113633.jpg,83,0.4655511379241943,38.64074444770813
IMG-20250717-WA0017.jpg,3,IMG_20250515_113414.jpg,75,0.4918964803218841,36.89223602414131
IMG-20250717-WA0017.jpg,4,IMG-20250626-WA0025.jpg,73,0.4912647604942322,35.86232751607895
IMG-20250717-WA0017.jpg,5,IMG-20250919-WA0009.jpg,77,0.4642507433891296,35.74730724096298
IMG-20250726-WA0007.jpg,1,IMG-20250726-WA0009.jpg,399,0.9068176746368408,361.8202521800995
IMG-20250726-WA0007.jpg,2,IMG-20250910-WA0030.jpg,91,0.4348442256450653,39.57082453370094
IMG-20250726-WA0007.jpg,3,IMG-20250716-WA0016.jpg,84,0.4546412527561188,38.18986523151398
IMG-20250726-WA0007.jpg,4,IMG-20250910-WA0016.jpg,77,0.4803417325019836,36.98631340265274
IMG-20250726-WA0007.jpg,5,A05_15_03_W_roh.jpeg,62,0.5515603423118591,34.196741223335266
IMG-20250726-WA0009.jpg,1,IMG-20250726-WA0007.jpg,399,0.9068176746368408,361.8202521800995
IMG-20250726-WA0009.jpg,2,IMG-20250717-WA0013.jpg,93,0.4444675147533417,41.335478872060776
IMG-20250726-WA0009.jpg,3,IMG-20250716-WA0016.jpg,72,0.4978439509868622,35.84476447105408
IMG-20250726-WA0009.jpg,4,IMG_20250807_104159.jpg,69,0.5075241923332214,35.01916927099228
IMG-20250726-WA0009.jpg,5,IMG-20250626-WA0025.jpg,69,0.49569171667099,34.20272845029831
IMG-20250726-WA0011.jpg,1,IMG-20250726-WA0012.jpg,222,0.7095085978507996,157.5109087228775
IMG-20250726-WA0011.jpg,2,IMG-20250607-WA0006.jpg,78,0.4845703244209289,37.79648530483246
IMG-20250726-WA0011.jpg,3,IMG-20250607-WA0003.jpg,79,0.4593412280082702,36.28795701265335
IMG-20250726-WA0011.jpg,4,IMG-20250626-WA0021.jpg,73,0.4822459816932678,35.20395666360855
IMG-20250726-WA0011.jpg,5,IMG-20250626-WA0020.jpg,74,0.4671326875686645,34.56781888008118
IMG-20250726-WA0012.jpg,1,IMG-20250726-WA0011.jpg,222,0.7095085978507996,157.5109087228775
IMG-20250726-WA0012.jpg,2,IMG-20250717-WA0013.jpg,89,0.4186539947986603,37.260205537080765
IMG-20250726-WA0012.jpg,3,IMG_20250717_111215.jpg,79,0.4423418343067169,34.94500491023064
IMG-20250726-WA0012.jpg,4,A06_12_01_W_roh.jpeg,73,0.4761520624160766,34.7591005563736
IMG-20250726-WA0012.jpg,5,IMG_20250717_113633.jpg,77,0.4337618947029114,33.399665892124176
IMG-20250829-WA0013.jpg,1,IMG-20250717-WA0017.jpg,267,0.7201149463653564,192.27069067955017
IMG-20250829-WA0013.jpg,2,IMG_20250717_123656.jpg,94,0.4300933182239532,40.428771913051605
IMG-20250829-WA0013.jpg,3,IMG-20250919-WA0009.jpg,81,0.4467748403549194,36.18876206874848
IMG-20250829-WA0013.jpg,4,IMG-20250626-WA0024.jpg,74,0.4744793772697449,35.11147391796112
IMG-20250829-WA0013.jpg,5,IMG_20250515_113414.jpg,73,0.4680578708648681,34.168224573135376
IMG-20250829-WA0015.jpg,1,IMG-20250910-WA0016.jpg,186,0.7776756882667542,144.64767801761627
IMG-20250829-WA0015.jpg,2,IMG_20250807_103916.jpg,68,0.4919919967651367,33.4554557800293
IMG-20250829-WA0015.jpg,3,IMG_20250717_110833.jpg,65,0.4540137052536011,29.51089084148407
IMG-20250829-WA0015.jpg,4,IMG_20250807_104343.jpg,60,0.4775967895984649,28.655807375907894
IMG-20250829-WA0015.jpg,5,IMG-20250726-WA0007.jpg,58,0.4891704022884369,28.37188333272934
IMG-20250829-WA0017.jpg,1,IMG-20250910-WA0018.jpg,221,0.8560343980789185,189.18360197544095
IMG-20250829-WA0017.jpg,2,IMG-20250717-WA0011.jpg,85,0.5763985514640808,48.99387687444687
IMG-20250829-WA0017.jpg,3,IMG-20250626-WA0003.jpg,92,0.4503565430641174,41.4328019618988
IMG-20250829-WA0017.jpg,4,IMG-20250910-WA0027.jpg,73,0.5219511389732361,38.10243314504624
IMG-20250829-WA0017.jpg,5,IMG-20250919-WA0009.jpg,91,0.412779688835144,37.56295168399811
IMG-20250829-WA0018.jpg,1,A06_17_04_W_roh.jpg,74,0.51677405834198,38.24128031730652
IMG-20250829-WA0018.jpg,2,WhatsApp_Bild_2025-09-26_um_10.50.58_1a5f4434.jpg,81,0.436094582080841,35.323661148548126
IMG-20250829-WA0018.jpg,3,A08_18_20_W_roh.jpeg,62,0.5433300137519836,33.686460852622986
IMG-20250829-WA0018.jpg,4,A08_06_08_W_roh.jpeg,67,0.4984244704246521,33.39443951845169
IMG-20250829-WA0018.jpg,5,IMG-20250910-WA0017.jpg,60,0.4985363483428955,29.91218090057373
IMG-20250829-WA0019.jpg,1,IMG-20250626-WA0020.jpg,89,0.5090270042419434,45.30340337753296
IMG-20250829-WA0019.jpg,2,IMG_20250807_104825.jpg,74,0.4902593791484833,36.27919405698776
IMG-20250829-WA0019.jpg,3,IMG-20250626-WA0016.jpg,76,0.4737061560153961,36.001667857170105
IMG-20250829-WA0019.jpg,4,A05_18_08_W_roh.jpeg,73,0.4625146985054016,33.76357299089432
IMG-20250829-WA0019.jpg,5,IMG-20250829-WA0017.jpg,70,0.4808119237422943,33.6568346619606
IMG-20250829-WA0020.jpg,1,IMG-20250910-WA0015.jpg,167,0.8243468999862671,137.6659322977066
IMG-20250829-WA0020.jpg,2,IMG_20250501_132350.jpg,86,0.4557016789913177,39.190344393253326
IMG-20250829-WA0020.jpg,3,IMG-20250607-WA0003.jpg,74,0.5111732482910156,37.82682037353516
IMG-20250829-WA0020.jpg,4,A07_09_02_W_roh.jpg,69,0.534669816493988,36.892217338085175
IMG-20250829-WA0020.jpg,5,IMG-20250607-WA0006.jpg,71,0.5162882208824158,36.65646368265152
IMG-20250829-WA0022.jpg,1,IMG-20250626-WA0020.jpg,97,0.4864881038665771,47.18934607505798
IMG-20250829-WA0022.jpg,2,IMG_20250717_104525.jpg,93,0.4744735658168793,44.12604162096977
IMG-20250829-WA0022.jpg,3,IMG-20250626-WA0025.jpg,90,0.4374952614307403,39.37457352876663
IMG-20250829-WA0022.jpg,4,A08_15_05_M_roh.jpeg,83,0.4548974931240082,37.75649192929268
IMG-20250829-WA0022.jpg,5,WhatsApp_Bild_2025-09-19_um_12.14.03_02becc24.jpg,74,0.5070265531539917,37.519964933395386
IMG-20250829-WA0024.jpg,1,IMG-20250607-WA0006.jpg,96,0.4469334483146667,42.90561103820801
IMG-20250829-WA0024.jpg,2,IMG-20250919-WA0016.jpg,97,0.4311816692352295,41.82462191581726
IMG-20250829-WA0024.jpg,3,IMG-20250717-WA0013.jpg,77,0.529394268989563,40.76335871219635
IMG-20250829-WA0024.jpg,4,IMG-20250919-WA0009.jpg,102,0.3947734236717224,40.266889214515686
IMG-20250829-WA0024.jpg,5,IMG-20250626-WA0022.jpg,91,0.4264988303184509,38.81139355897904
IMG-20250910-WA0014.jpg,1,IMG-20250910-WA0025.jpg,269,0.8745672106742859,235.2585796713829
IMG-20250910-WA0014.jpg,2,IMG-20250919-WA0016.jpg,76,0.5025307536125183,38.19233727455139
IMG-20250910-WA0014.jpg,3,IMG-20250919-WA0020.jpg,68,0.4693571329116821,31.916285037994385
IMG-20250910-WA0014.jpg,4,IMG-20250919-WA0012.jpg,75,0.4211056530475616,31.582923978567123
IMG-20250910-WA0014.jpg,5,IMG-20250717-WA0013.jpg,76,0.413619190454483,31.43505847454071
IMG-20250910-WA0015.jpg,1,IMG-20250829-WA0020.jpg,167,0.8243468999862671,137.6659322977066
IMG-20250910-WA0015.jpg,2,IMG-20250607-WA0007.jpg,77,0.5141250491142273,39.5876287817955
IMG-20250910-WA0015.jpg,3,IMG-20250716-WA0022.jpg,81,0.468140035867691,37.919342905282974
IMG-20250910-WA0015.jpg,4,IMG_20250807_110659.jpg,76,0.4741793274879455,36.03762888908386
IMG-20250910-WA0015.jpg,5,IMG-20250910-WA0030.jpg,80,0.442275732755661,35.38205862045288
IMG-20250910-WA0016.jpg,1,IMG-20250829-WA0015.jpg,186,0.7776756882667542,144.64767801761627
IMG-20250910-WA0016.jpg,2,IMG-20250717-WA0013.jpg,88,0.5185337066650391,45.63096618652344
IMG-20250910-WA0016.jpg,3,IMG-20250919-WA0020.jpg,88,0.4687478840351105,41.24981379508972
IMG-20250910-WA0016.jpg,4,IMG-20250626-WA0015.jpg,77,0.5252770185470581,40.446330428123474
IMG-20250910-WA0016.jpg,5,IMG_20250717_113844.jpg,75,0.5327232480049133,39.9542436003685
IMG-20250910-WA0017.jpg,1,IMG_20250515_121011.jpg,226,0.7117356657981873,160.85226047039032
IMG-20250910-WA0017.jpg,2,IMG-20250717-WA0011.jpg,95,0.5043156743049622,47.909989058971405
IMG-20250910-WA0017.jpg,3,IMG-20250626-WA0002.jpg,81,0.5075426697731018,41.110956251621246
IMG-20250910-WA0017.jpg,4,IMG-20250626-WA0004.jpg,81,0.4820038676261902,39.042313277721405
IMG-20250910-WA0017.jpg,5,IMG-20250626-WA0020.jpg,86,0.4537091255187988,39.0189847946167
IMG-20250910-WA0018.jpg,1,IMG-20250829-WA0017.jpg,221,0.8560343980789185,189.18360197544095
IMG-20250910-WA0018.jpg,2,IMG-20250626-WA0014.jpg,80,0.5157955288887024,41.26364231109619
IMG-20250910-WA0018.jpg,3,IMG-20250910-WA0025.jpg,74,0.5182512402534485,38.35059177875519
IMG-20250910-WA0018.jpg,4,IMG-20250910-WA0023.jpg,82,0.4444890320301056,36.44810062646866
IMG-20250910-WA0018.jpg,5,IMG-20250829-WA0024.jpg,70,0.5174320936203003,36.22024655342102
IMG-20250910-WA0022.jpg,1,IMG-20250910-WA0029.jpg,364,0.9191038012504578,334.5537836551666
IMG-20250910-WA0022.jpg,2,IMG-20250919-WA0009.jpg,299,0.8855083584785461,264.7669991850853
IMG-20250910-WA0022.jpg,3,IMG_20250717_123430.jpg,265,0.8244428038597107,218.47734302282333
IMG-20250910-WA0022.jpg,4,IMG_20250807_103916.jpg,90,0.488686054944992,43.981744945049286
IMG-20250910-WA0022.jpg,5,IMG_20250717_104525.jpg,96,0.4413504302501678,42.36964130401611
IMG-20250910-WA0023.jpg,1,IMG-20250607-WA0003.jpg,80,0.5276514291763306,42.212114334106445
IMG-20250910-WA0023.jpg,2,A06_14_02_W_roh.jpg,76,0.5284366607666016,40.16118621826172
IMG-20250910-WA0023.jpg,3,IMG-20250910-WA0018.jpg,82,0.4444890320301056,36.44810062646866
IMG-20250910-WA0023.jpg,4,IMG-20250626-WA0003.jpg,84,0.4212321937084198,35.38350427150726
IMG-20250910-WA0023.jpg,5,IMG-20250607-WA0006.jpg,74,0.4772578179836273,35.31707853078842
IMG-20250910-WA0025.jpg,1,IMG-20250910-WA0014.jpg,269,0.8745672106742859,235.2585796713829
IMG-20250910-WA0025.jpg,2,IMG-20250919-WA0012.jpg,88,0.4738827347755432,41.7016806602478
IMG-20250910-WA0025.jpg,3,IMG_20250717_104525.jpg,83,0.4672137200832367,38.778738766908646
IMG-20250910-WA0025.jpg,4,IMG-20250910-WA0018.jpg,74,0.5182512402534485,38.35059177875519
IMG-20250910-WA0025.jpg,5,IMG-20250717-WA0013.jpg,83,0.4306684136390686,35.745478332042694
IMG-20250910-WA0027.jpg,1,IMG-20250910-WA0030.jpg,377,0.9247138500213624,348.6171214580536
IMG-20250910-WA0027.jpg,2,A04_15_05_W_roh.jpeg,176,0.8529021143913269,150.11077213287354
IMG-20250910-WA0027.jpg,3,A05_18_06_W_roh.jpeg,186,0.7734516263008118,143.862002491951
IMG-20250910-WA0027.jpg,4,A05_12_03_W_roh.jpeg,177,0.7798566818237305,138.0346326828003
IMG-20250910-WA0027.jpg,5,IMG_20250717_113844.jpg,100,0.5183042883872986,51.83042883872986
IMG-20250910-WA0029.jpg,1,IMG-20250910-WA0022.jpg,364,0.9191038012504578,334.5537836551666
IMG-20250910-WA0029.jpg,2,IMG-20250919-WA0009.jpg,284,0.8578916788101196,243.641236782074
IMG-20250910-WA0029.jpg,3,IMG_20250717_123430.jpg,245,0.782118558883667,191.6190469264984
IMG-20250910-WA0029.jpg,4,IMG-20250607-WA0003.jpg,86,0.4893171489238739,42.08127480745316
IMG-20250910-WA0029.jpg,5,IMG_20250717_104317.jpg,97,0.4200240969657898,40.74233740568161
IMG-20250910-WA0030.jpg,1,IMG-20250910-WA0027.jpg,377,0.9247138500213624,348.6171214580536
IMG-20250910-WA0030.jpg,2,A05_18_06_W_roh.jpeg,190,0.7886964678764343,149.85232889652252
IMG-20250910-WA0030.jpg,3,A04_15_05_W_roh.jpeg,186,0.7883689403533936,146.6366229057312
IMG-20250910-WA0030.jpg,4,A05_12_03_W_roh.jpeg,183,0.7855364680290222,143.7531736493111
IMG-20250910-WA0030.jpg,5,A06_17_02_W__roh.jpg,112,0.4575725197792053,51.248122215271
IMG-20250910-WA0061.jpg,1,A08_18_10_W_roh.jpeg,207,0.8391679525375366,173.70776617527008
IMG-20250910-WA0061.jpg,2,A08_12_15_W_roh.jpeg,152,0.7849884033203125,119.3182373046875
IMG-20250910-WA0061.jpg,3,IMG_20250717_112327.jpg,87,0.4240646362304687,36.89362335205078
IMG-20250910-WA0061.jpg,4,IMG_20250717_113844.jpg,81,0.4536038041114807,36.74190813302994
IMG-20250910-WA0061.jpg,5,IMG-20250626-WA0020.jpg,77,0.4591996967792511,35.358376652002335
IMG-20250910-WA0062.jpg,1,IMG_20250717_111215.jpg,247,0.7266873121261597,179.49176609516144
IMG-20250910-WA0062.jpg,2,A08_15_05_M_roh.jpeg,160,0.852013885974884,136.32222175598145
IMG-20250910-WA0062.jpg,3,IMG_20250717_113633.jpg,100,0.5103282332420349,51.03282332420349
IMG-20250910-WA0062.jpg,4,IMG-20250919-WA0009.jpg,101,0.4704234600067138,47.5127694606781
IMG-20250910-WA0062.jpg,5,IMG_20250501_132350.jpg,92,0.4825806617736816,44.39742088317871
IMG-20250910-WA0063.jpg,1,A08_06_05_SA_roh.jpeg,135,0.6975815892219543,94.17351454496384
IMG-20250910-WA0063.jpg,2,A08_09_35_W_roh.jpg,76,0.5415870547294617,41.16061615943909
IMG-20250910-WA0063.jpg,3,IMG-20250919-WA0009.jpg,82,0.4376329481601715,35.885901749134064
IMG-20250910-WA0063.jpg,4,A04_15_05_W_roh.jpeg,75,0.4775768220424652,35.81826165318489
IMG-20250910-WA0063.jpg,5,IMG-20250626-WA0016.jpg,81,0.4367099702358246,35.37350758910179
IMG-20250910-WA0064.jpg,1,IMG_20250717_110833.jpg,224,0.7996941208839417,179.13148307800293
IMG-20250910-WA0064.jpg,2,A08_15_21_M_roh.jpeg,117,0.6299035549163818,73.69871592521667
IMG-20250910-WA0064.jpg,3,IMG_20250717_104525.jpg,89,0.5029252171516418,44.76034432649613
IMG-20250910-WA0064.jpg,4,IMG-20250626-WA0024.jpg,80,0.5335664749145508,42.68531799316406
IMG-20250910-WA0064.jpg,5,IMG-20250717-WA0013.jpg,73,0.5166414976119995,37.71482932567597
IMG-20250919-WA0008.jpg,1,IMG-20250829-WA0024.jpg,77,0.451499342918396,34.76544940471649
IMG-20250919-WA0008.jpg,2,IMG-20250910-WA0018.jpg,58,0.4943296611309051,28.6711203455925
IMG-20250919-WA0008.jpg,3,IMG-20250829-WA0013.jpg,62,0.4400320947170257,27.2819898724556
IMG-20250919-WA0008.jpg,4,A07_08_04_M_roh.jpg,61,0.4258575737476349,25.977311998605728
IMG-20250919-WA0008.jpg,5,IMG-20250829-WA0019.jpg,57,0.4379015564918518,24.960388720035557
IMG-20250919-WA0009.jpg,1,IMG-20250910-WA0022.jpg,299,0.8855083584785461,264.7669991850853
IMG-20250919-WA0009.jpg,2,IMG-20250910-WA0029.jpg,284,0.8578916788101196,243.641236782074
IMG-20250919-WA0009.jpg,3,IMG_20250717_123430.jpg,269,0.7233478426933289,194.58056968450543
IMG-20250919-WA0009.jpg,4,IMG_20250717_104525.jpg,108,0.4540838301181793,49.04105365276337
IMG-20250919-WA0009.jpg,5,IMG-20250717-WA0013.jpg,96,0.5078759789466858,48.75609397888184
IMG-20250919-WA0011.jpg,1,IMG-20250919-WA0014.jpg,291,0.7302924990653992,212.5151172280312
IMG-20250919-WA0011.jpg,2,IMG_20250717_111635.jpg,212,0.6375017166137695,135.15036392211914
IMG-20250919-WA0011.jpg,3,IMG_20250717_113633.jpg,87,0.4530219435691833,39.41290909051895
IMG-20250919-WA0011.jpg,4,A06_17_04_W_roh.jpg,81,0.4619017243385315,37.41403967142105
IMG-20250919-WA0011.jpg,5,IMG_20250717_113156.jpg,78,0.4527799189090729,35.316833674907684
IMG-20250919-WA0012.jpg,1,A05_18_07_W_roh.jpeg,249,0.8367868065834045,208.35991483926773
IMG-20250919-WA0012.jpg,2,A04_03_01_W_roh.jpeg,174,0.7631900906562805,132.7950757741928
IMG-20250919-WA0012.jpg,3,IMG-20250626-WA0025.jpg,110,0.4669069051742553,51.35975956916809
IMG-20250919-WA0012.jpg,4,IMG-20250717-WA0011.jpg,93,0.4613870978355407,42.90900009870529
IMG-20250919-WA0012.jpg,5,IMG-20250626-WA0013.jpg,98,0.4315066039562225,42.28764718770981
IMG-20250919-WA0014.jpg,1,IMG-20250919-WA0011.jpg,291,0.7302924990653992,212.5151172280312
IMG-20250919-WA0014.jpg,2,IMG_20250717_111635.jpg,201,0.6710505485534668,134.88116025924683
IMG-20250919-WA0014.jpg,3,IMG_20250717_104317.jpg,92,0.3996902108192444,36.77149939537048
IMG-20250919-WA0014.jpg,4,IMG-20250716-WA0016.jpg,79,0.4531556367874145,35.79929530620575
IMG-20250919-WA0014.jpg,5,A07_09_02_W_roh.jpg,78,0.4417118728160858,34.453526079654694
IMG-20250919-WA0015.jpg,1,IMG-20250626-WA0006.jpg,46,0.4325832426548004,19.89882916212082
IMG-20250919-WA0015.jpg,2,H12_04_02_M_roh.jpg,50,0.3543216586112976,17.71608293056488
IMG-20250919-WA0015.jpg,3,IMG_20250807_103916.jpg,33,0.528069019317627,17.42627763748169
IMG-20250919-WA0015.jpg,4,AT01_03_04_M_roh.jpeg,34,0.4858368039131164,16.51845133304596
IMG-20250919-WA0015.jpg,5,H01_17_02_M_roh.jpeg,36,0.4563994407653808,16.43037986755371
IMG-20250919-WA0016.jpg,1,IMG_20250717_104525.jpg,104,0.4863838255405426,50.58391785621643
IMG-20250919-WA0016.jpg,2,IMG-20250626-WA0016.jpg,100,0.4549837410449981,45.49837410449982
IMG-20250919-WA0016.jpg,3,A04_15_05_W_roh.jpeg,90,0.5011139512062073,45.100255608558655
IMG-20250919-WA0016.jpg,4,IMG-20250829-WA0024.jpg,97,0.4311816692352295,41.82462191581726
IMG-20250919-WA0016.jpg,5,A08_15_19_M_roh.jpeg,77,0.5267069935798645,40.55643850564957
IMG-20250919-WA0019.jpg,1,IMG-20250919-WA0020.jpg,511,0.9253358244895936,472.8466063141823
IMG-20250919-WA0019.jpg,2,IMG-20250910-WA0030.jpg,90,0.4508911669254303,40.58020502328873
IMG-20250919-WA0019.jpg,3,A08_18_05_W_roh.jpeg,80,0.4946014583110809,39.56811666488648
IMG-20250919-WA0019.jpg,4,IMG_20250717_111215.jpg,80,0.4792050421237945,38.336403369903564
IMG-20250919-WA0019.jpg,5,IMG-20250717-WA0011.jpg,78,0.4896148443222046,38.18995785713196
IMG-20250919-WA0020.jpg,1,IMG-20250919-WA0019.jpg,511,0.9253358244895936,472.8466063141823
IMG-20250919-WA0020.jpg,2,IMG_20250717_111215.jpg,105,0.5018559098243713,52.69487053155899
IMG-20250919-WA0020.jpg,3,IMG_20250807_103916.jpg,93,0.4790538549423218,44.552008509635925
IMG-20250919-WA0020.jpg,4,A07_09_02_W_roh.jpg,92,0.4638367593288421,42.67298185825348
IMG-20250919-WA0020.jpg,5,IMG-20250717-WA0013.jpg,99,0.4292837977409363,42.49909597635269
IMG-20250919-WA0021.jpg,1,A08_18_21_M_roh.jpeg,214,0.8007901310920715,171.3690880537033
IMG-20250919-WA0021.jpg,2,IMG-20250626-WA0016.jpg,107,0.4426561295986175,47.36420586705208
IMG-20250919-WA0021.jpg,3,IMG_20250807_104825.jpg,92,0.4894473254680633,45.02915394306183
IMG-20250919-WA0021.jpg,4,A06_17_02_W__roh.jpg,92,0.4820911288261413,44.352383852005005
IMG-20250919-WA0021.jpg,5,IMG_20250717_123656.jpg,92,0.4681565761566162,43.07040500640869
IMG_20250501_132115.jpg,1,IMG-20250626-WA0025.jpg,88,0.5193238854408264,45.700501918792725
IMG_20250501_132115.jpg,2,IMG_20250501_133055.jpg,75,0.5230262279510498,39.226967096328735
IMG_20250501_132115.jpg,3,A07_09_03_W_roh.jpg,88,0.4329744875431061,38.101754903793335
IMG_20250501_132115.jpg,4,A05_21_01_W_roh.jpeg,81,0.4502987265586853,36.47419685125351
IMG_20250501_132115.jpg,5,IMG_20250717_113156.jpg,81,0.4433291554450989,35.90966159105301
IMG_20250501_132350.jpg,1,IMG-20250717-WA0013.jpg,112,0.4901319444179535,54.89477777481079
IMG_20250501_132350.jpg,2,IMG-20250626-WA0015.jpg,104,0.4629603326320648,48.14787459373474
IMG_20250501_132350.jpg,3,A08_18_21_M_roh.jpeg,82,0.553974986076355,45.42594885826111
IMG_20250501_132350.jpg,4,IMG-20250626-WA0016.jpg,100,0.4467464983463287,44.67464983463287
IMG_20250501_132350.jpg,5,IMG-20250910-WA0062.jpg,92,0.4825806617736816,44.39742088317871
IMG_20250501_133055.jpg,1,A08_18_04_W_roh.jpeg,137,0.6558980345726013,89.85803073644638
IMG_20250501_133055.jpg,2,WhatsApp_Bild_2025-09-19_um_12.14.03_02becc24.jpg,86,0.4662392139434814,40.09657239913941
IMG_20250501_133055.jpg,3,IMG_20250501_132115.jpg,75,0.5230262279510498,39.226967096328735
IMG_20250501_133055.jpg,4,IMG-20250919-WA0009.jpg,84,0.4513651132583618,37.91466951370239
IMG_20250501_133055.jpg,5,IMG-20250626-WA0025.jpg,81,0.4513995349407196,36.56336233019829
IMG_20250515_113414.jpg,1,IMG_20250717_104652.jpg,93,0.4929675757884979,45.84598454833031
IMG_20250515_113414.jpg,2,IMG_20250807_105820.jpg,97,0.4664956033229828,45.25007352232933
IMG_20250515_113414.jpg,3,IMG_20250717_123656.jpg,100,0.4437308311462402,44.37308311462402
IMG_20250515_113414.jpg,4,IMG-20250717-WA0013.jpg,100,0.3814948201179504,38.14948201179504
IMG_20250515_113414.jpg,5,IMG-20250626-WA0020.jpg,87,0.4359537661075592,37.92797765135765
IMG_20250515_114220.jpg,1,IMG-20250717-WA0013.jpg,95,0.4814724922180176,45.73988676071167
IMG_20250515_114220.jpg,2,IMG-20250626-WA0003.jpg,86,0.4903507530689239,42.17016476392746
IMG_20250515_114220.jpg,3,IMG-20250919-WA0020.jpg,89,0.432551622390747,38.49709439277649
IMG_20250515_114220.jpg,4,IMG-20250717-WA0011.jpg,66,0.5562793016433716,36.71443390846253
IMG_20250515_114220.jpg,5,IMG-20250626-WA0015.jpg,72,0.5044276714324951,36.31879234313965
IMG_20250515_121011.jpg,1,IMG-20250910-WA0017.jpg,226,0.7117356657981873,160.85226047039032
IMG_20250515_121011.jpg,2,A08_15_19_M_roh.jpeg,76,0.5799228549003601,44.07413697242737
IMG_20250515_121011.jpg,3,IMG-20250626-WA0020.jpg,85,0.5170884132385254,43.95251512527466
IMG_20250515_121011.jpg,4,IMG_20250717_113844.jpg,91,0.4516810476779938,41.10297533869743
IMG_20250515_121011.jpg,5,IMG_20250501_132350.jpg,87,0.4678831398487091,40.70583316683769
IMG_20250717_104317.jpg,1,IMG_20250717_113156.jpg,133,0.4362595677375793,58.02252250909805
IMG_20250717_104317.jpg,2,IMG-20250626-WA0009.jpg,106,0.4370356798171997,46.32578206062317
IMG_20250717_104317.jpg,3,IMG_20250717_113844.jpg,93,0.4742680191993713,44.106925785541534
IMG_20250717_104317.jpg,4,IMG-20250716-WA0006.jpg,96,0.4581834673881531,43.985612869262695
IMG_20250717_104317.jpg,5,IMG-20250626-WA0011.jpg,89,0.4927643239498138,43.85602483153343
IMG_20250717_104525.jpg,1,IMG_20250717_111215.jpg,116,0.4369673132896423,50.68820834159851
IMG_20250717_104525.jpg,2,IMG-20250919-WA0016.jpg,104,0.4863838255405426,50.58391785621643
IMG_20250717_104525.jpg,3,IMG-20250919-WA0009.jpg,108,0.4540838301181793,49.04105365276337
IMG_20250717_104525.jpg,4,IMG-20250716-WA0022.jpg,98,0.5002400875091553,49.02352857589722
IMG_20250717_104525.jpg,5,WhatsApp_Bild_2025-09-19_um_12.14.04_40e117ce.jpg,109,0.4493071734905243,48.97448191046715
IMG_20250717_104652.jpg,1,IMG-20250626-WA0015.jpg,326,0.8010608553886414,261.1458388566971
IMG_20250717_104652.jpg,2,IMG-20250626-WA0014.jpg,332,0.7851410508155823,260.6668288707733
IMG_20250717_104652.jpg,3,A06_12_04_W_roh.jpeg,202,0.8011088967323303,161.82399713993073
IMG_20250717_104652.jpg,4,IMG-20250717-WA0009.jpg,103,0.4675511419773102,48.15776762366295
IMG_20250717_104652.jpg,5,IMG_20250515_113414.jpg,93,0.4929675757884979,45.84598454833031
IMG_20250717_105046.jpg,1,A06_17_04_W_roh.jpg,258,0.6647529006004333,171.5062483549118
IMG_20250717_105046.jpg,2,IMG_20250515_121011.jpg,90,0.4388164281845093,39.49347853660584
IMG_20250717_105046.jpg,3,IMG-20250626-WA0020.jpg,90,0.4246653318405151,38.21987986564636
IMG_20250717_105046.jpg,4,IMG-20250626-WA0007.jpg,86,0.4333885610103607,37.27141624689102
IMG_20250717_105046.jpg,5,IMG-20250910-WA0017.jpg,73,0.4955863356590271,36.17780250310898
IMG_20250717_110833.jpg,1,IMG-20250910-WA0064.jpg,224,0.7996941208839417,179.13148307800293
IMG_20250717_110833.jpg,2,IMG-20250626-WA0009.jpg,87,0.4690603017807007,40.80824625492096
IMG_20250717_110833.jpg,3,A06_14_02_W_roh.jpg,74,0.4881071150302887,36.11992651224136
IMG_20250717_110833.jpg,4,IMG-20250626-WA0003.jpg,84,0.4268149435520172,35.852455258369446
IMG_20250717_110833.jpg,5,IMG_20250717_104317.jpg,90,0.3938007056713104,35.44206351041794
IMG_20250717_111215.jpg,1,IMG-20250910-WA0062.jpg,247,0.7266873121261597,179.49176609516144
IMG_20250717_111215.jpg,2,A08_15_05_M_roh.jpeg,201,0.8258877992630005,166.0034476518631
IMG_20250717_111215.jpg,3,IMG-20250919-WA0020.jpg,105,0.5018559098243713,52.69487053155899
IMG_20250717_111215.jpg,4,IMG_20250717_104525.jpg,116,0.4369673132896423,50.68820834159851
IMG_20250717_111215.jpg,5,IMG-20250626-WA0013.jpg,91,0.4570575952529907,41.59224116802216
IMG_20250717_111516.jpg,1,IMG-20250919-WA0009.jpg,90,0.5059686303138733,45.5371767282486
IMG_20250717_111516.jpg,2,IMG_20250807_105820.jpg,90,0.4700680375099182,42.30612337589264
IMG_20250717_111516.jpg,3,IMG_20250717_123430.jpg,84,0.5008248090744019,42.06928396224976
IMG_20250717_111516.jpg,4,IMG-20250620-WA0042.jpg,95,0.4358981251716614,41.41032189130783
IMG_20250717_111516.jpg,5,IMG-20250626-WA0009.jpg,91,0.4531121551990509,41.23320612311363
IMG_20250717_111635.jpg,1,IMG-20250919-WA0011.jpg,212,0.6375017166137695,135.15036392211914
IMG_20250717_111635.jpg,2,IMG-20250919-WA0014.jpg,201,0.6710505485534668,134.88116025924683
IMG_20250717_111635.jpg,3,WhatsApp_Bild_2025-09-19_um_12.14.03_02becc24.jpg,94,0.4613402485847473,43.36598336696625
IMG_20250717_111635.jpg,4,IMG_20250717_104317.jpg,88,0.4642649292945862,40.855313777923584
IMG_20250717_111635.jpg,5,IMG_20250717_113156.jpg,73,0.4615738093852997,33.69488808512688
IMG_20250717_112327.jpg,1,A08_18_03_W_roh.jpeg,206,0.772627592086792,159.16128396987915
IMG_20250717_112327.jpg,2,IMG-20250626-WA0021.jpg,85,0.4723640084266662,40.15094071626663
IMG_20250717_112327.jpg,3,IMG-20250910-WA0061.jpg,87,0.4240646362304687,36.89362335205078
IMG_20250717_112327.jpg,4,IMG-20250626-WA0016.jpg,88,0.4103125929832458,36.10750818252564
IMG_20250717_112327.jpg,5,IMG-20250829-WA0022.jpg,79,0.4550245404243469,35.94693869352341
IMG_20250717_113156.jpg,1,IMG_20250807_104343.jpg,251,0.690678596496582,173.3603277206421
IMG_20250717_113156.jpg,2,IMG_20250717_104317.jpg,133,0.4362595677375793,58.02252250909805
IMG_20250717_113156.jpg,3,IMG-20250717-WA0009.jpg,98,0.4101422429084778,40.19393980503082
IMG_20250717_113156.jpg,4,A08_18_21_M_roh.jpeg,73,0.5400540232658386,39.42394369840622
IMG_20250717_113156.jpg,5,A08_18_05_W_roh.jpeg,80,0.4887216687202453,39.09773349761963
IMG_20250717_113633.jpg,1,A08_18_01_M_roh.jpeg,233,0.8599086999893188,200.3587270975113
IMG_20250717_113633.jpg,2,IMG_20250717_113844.jpg,104,0.49700528383255,51.688549518585205
IMG_20250717_113633.jpg,3,IMG-20250910-WA0062.jpg,100,0.5103282332420349,51.03282332420349
IMG_20250717_113633.jpg,4,IMG-20250626-WA0014.jpg,106,0.4713315367698669,49.961142897605896
IMG_20250717_113633.jpg,5,IMG_20250807_103916.jpg,100,0.414207398891449,41.4207398891449
IMG_20250717_113844.jpg,1,IMG-20250910-WA0027.jpg,100,0.5183042883872986,51.83042883872986
IMG_20250717_113844.jpg,2,IMG_20250717_113633.jpg,104,0.49700528383255,51.688549518585205
IMG_20250717_113844.jpg,3,A08_18_05_W_roh.jpeg,82,0.5476198792457581,44.90483009815216
IMG_20250717_113844.jpg,4,IMG_20250717_104317.jpg,93,0.4742680191993713,44.106925785541534
IMG_20250717_113844.jpg,5,IMG_20250807_103916.jpg,100,0.4287844002246856,42.87844002246857
IMG_20250717_123430.jpg,1,IMG-20250910-WA0022.jpg,265,0.8244428038597107,218.47734302282333
IMG_20250717_123430.jpg,2,IMG-20250919-WA0009.jpg,269,0.7233478426933289,194.58056968450543
IMG_20250717_123430.jpg,3,IMG-20250910-WA0029.jpg,245,0.782118558883667,191.6190469264984
IMG_20250717_123430.jpg,4,IMG_20250717_111516.jpg,84,0.5008248090744019,42.06928396224976
IMG_20250717_123430.jpg,5,IMG-20250717-WA0012.jpg,90,0.4632990658283233,41.6969159245491
IMG_20250717_123656.jpg,1,IMG_20250515_113414.jpg,100,0.4437308311462402,44.37308311462402
IMG_20250717_123656.jpg,2,IMG-20250919-WA0021.jpg,92,0.4681565761566162,43.07040500640869
IMG_20250717_123656.jpg,3,IMG-20250626-WA0003.jpg,89,0.4618326425552368,41.10310518741608
IMG_20250717_123656.jpg,4,IMG-20250829-WA0013.jpg,94,0.4300933182239532,40.428771913051605
IMG_20250717_123656.jpg,5,IMG-20250620-WA0042.jpg,79,0.4990909993648529,39.42818894982338
IMG_20250807_103916.jpg,1,A08_18_14_M_roh.jpeg,160,0.8293342590332031,132.6934814453125
IMG_20250807_103916.jpg,2,IMG-20250910-WA0030.jpg,102,0.4383429288864136,44.710978746414185
IMG_20250807_103916.jpg,3,IMG-20250919-WA0020.jpg,93,0.4790538549423218,44.552008509635925
IMG_20250807_103916.jpg,4,IMG-20250910-WA0022.jpg,90,0.488686054944992,43.981744945049286
IMG_20250807_103916.jpg,5,IMG_20250717_113844.jpg,100,0.4287844002246856,42.87844002246857
IMG_20250807_104159.jpg,1,IMG-20250626-WA0024.jpg,173,0.7169777750968933,124.03715509176254
IMG_20250807_104159.jpg,2,IMG-20250626-WA0025.jpg,177,0.6969684958457947,123.36342376470566
IMG_20250807_104159.jpg,3,A08_15_04_M_roh.jpeg,129,0.7486584186553955,96.57693600654602
IMG_20250807_104159.jpg,4,A05_18_07_W_roh.jpeg,95,0.4701190888881683,44.66131344437599
IMG_20250807_104159.jpg,5,IMG-20250919-WA0012.jpg,91,0.4508236646652221,41.02495348453522
IMG_20250807_104343.jpg,1,IMG_20250717_113156.jpg,251,0.690678596496582,173.3603277206421
IMG_20250807_104343.jpg,2,IMG_20250501_132350.jpg,82,0.4671719074249267,38.308096408844
IMG_20250807_104343.jpg,3,IMG_20250717_104525.jpg,85,0.4406363070011139,37.45408609509468
IMG_20250807_104343.jpg,4,IMG-20250626-WA0009.jpg,79,0.4349843263626098,34.36376178264618
IMG_20250807_104343.jpg,5,IMG-20250919-WA0009.jpg,73,0.4628728926181793,33.78972116112709
IMG_20250807_104825.jpg,1,IMG-20250919-WA0021.jpg,92,0.4894473254680633,45.02915394306183
IMG_20250807_104825.jpg,2,IMG-20250626-WA0021.jpg,82,0.4772197306156158,39.1320179104805
IMG_20250807_104825.jpg,3,IMG_20250807_105820.jpg,78,0.471067726612091,36.7432826757431
IMG_20250807_104825.jpg,4,IMG-20250626-WA0002.jpg,81,0.451179176568985,36.54551330208778
IMG_20250807_104825.jpg,5,IMG-20250626-WA0016.jpg,91,0.4014842510223388,36.53506684303284
IMG_20250807_105223.jpg,1,A08_15_19_M_roh.jpeg,149,0.8204168677330017,122.24211329221724
IMG_20250807_105223.jpg,2,IMG-20250626-WA0016.jpg,96,0.4387210607528686,42.11722183227539
IMG_20250807_105223.jpg,3,IMG-20250829-WA0022.jpg,81,0.4464873373508453,36.16547432541847
IMG_20250807_105223.jpg,4,IMG-20250607-WA0007.jpg,72,0.4788881838321686,34.47994923591614
IMG_20250807_105223.jpg,5,IMG_20250807_103916.jpg,75,0.4493468403816223,33.701013028621674
IMG_20250807_105820.jpg,1,A06_03_01_M_roh.jpeg,180,0.8004533052444458,144.08159494400024
IMG_20250807_105820.jpg,2,IMG_20250515_113414.jpg,97,0.4664956033229828,45.25007352232933
IMG_20250807_105820.jpg,3,IMG_20250717_111516.jpg,90,0.4700680375099182,42.30612337589264
IMG_20250807_105820.jpg,4,IMG_20250501_132350.jpg,74,0.5477326512336731,40.53221619129181
IMG_20250807_105820.jpg,5,IMG-20250919-WA0016.jpg,90,0.4351533651351928,39.16380286216736
IMG_20250807_110659.jpg,1,IMG-20250626-WA0013.jpg,237,0.7004038095474243,165.99570286273956
IMG_20250807_110659.jpg,2,IMG-20250717-WA0013.jpg,76,0.4912258982658386,37.333168268203735
IMG_20250807_110659.jpg,3,IMG-20250910-WA0017.jpg,73,0.510172426700592,37.24258714914322
IMG_20250807_110659.jpg,4,IMG-20250626-WA0009.jpg,79,0.4680124819278717,36.972986072301865
IMG_20250807_110659.jpg,5,IMG-20250910-WA0015.jpg,76,0.4741793274879455,36.03762888908386
WhatsApp_Bild_2025-07-31_um_14.06.15_96d8cd99.jpg,1,IMG_20250717_113633.jpg,75,0.4572480320930481,34.29360240697861
WhatsApp_Bild_2025-07-31_um_14.06.15_96d8cd99.jpg,2,IMG-20250910-WA0023.jpg,61,0.538435697555542,32.84457755088806
WhatsApp_Bild_2025-07-31_um_14.06.15_96d8cd99.jpg,3,H05_11_41_M_roh.jpeg,58,0.5597796440124512,32.46721935272217
WhatsApp_Bild_2025-07-31_um_14.06.15_96d8cd99.jpg,4,IMG-20250626-WA0016.jpg,70,0.4484891593456268,31.39424115419388
WhatsApp_Bild_2025-07-31_um_14.06.15_96d8cd99.jpg,5,IMG-20250726-WA0007.jpg,65,0.4761227071285248,30.94797596335411
WhatsApp_Bild_2025-09-19_um_12.14.03_02becc24.jpg,1,IMG_20250717_111635.jpg,94,0.4613402485847473,43.36598336696625
WhatsApp_Bild_2025-09-19_um_12.14.03_02becc24.jpg,2,IMG_20250501_132350.jpg,91,0.4509766101837158,41.03887152671814
WhatsApp_Bild_2025-09-19_um_12.14.03_02becc24.jpg,3,IMG_20250501_133055.jpg,86,0.4662392139434814,40.09657239913941
WhatsApp_Bild_2025-09-19_um_12.14.03_02becc24.jpg,4,IMG-20250717-WA0011.jpg,80,0.4997516274452209,39.98013019561768
WhatsApp_Bild_2025-09-19_um_12.14.03_02becc24.jpg,5,IMG_20250717_104317.jpg,95,0.4078079760074615,38.74175772070885
WhatsApp_Bild_2025-09-19_um_12.14.04_40e117ce.jpg,1,IMG_20250717_104525.jpg,109,0.4493071734905243,48.97448191046715
WhatsApp_Bild_2025-09-19_um_12.14.04_40e117ce.jpg,2,IMG_20250717_104317.jpg,86,0.4991847276687622,42.92988657951355
WhatsApp_Bild_2025-09-19_um_12.14.04_40e117ce.jpg,3,A08_15_07_W_roh.jpeg,79,0.4953331053256988,39.13131532073021
WhatsApp_Bild_2025-09-19_um_12.14.04_40e117ce.jpg,4,A08_15_19_M_roh.jpeg,77,0.4831359684467315,37.20146957039833
WhatsApp_Bild_2025-09-19_um_12.14.04_40e117ce.jpg,5,IMG-20250620-WA0042.jpg,77,0.4734795391559601,36.457924515008926
WhatsApp_Bild_2025-09-26_um_10.50.58_1a5f4434.jpg,1,IMG-20250626-WA0003.jpg,97,0.4487565755844116,43.52938783168793
WhatsApp_Bild_2025-09-26_um_10.50.58_1a5f4434.jpg,2,IMG-20250910-WA0027.jpg,89,0.451632559299469,40.19529777765274
WhatsApp_Bild_2025-09-26_um_10.50.58_1a5f4434.jpg,3,IMG-20250620-WA0039.jpg,72,0.540589451789856,38.92244052886963
WhatsApp_Bild_2025-09-26_um_10.50.58_1a5f4434.jpg,4,IMG-20250910-WA0030.jpg,85,0.440852403640747,37.4724543094635
WhatsApp_Bild_2025-09-26_um_10.50.58_1a5f4434.jpg,5,IMG-20250717-WA0012.jpg,75,0.4911388158798218,36.83541119098663
